stop_id,stop_name,zone_id,stop_lat,stop_lon
56889,Dilsukhnagar Bus Depot,Dilsukhnagar Bus Depot,17.371068,78.525539
56890,Dilsukhnagar,Dilsukhnagar,17.368443,78.523185
56891,Moosarambhagh,Moosarambhagh,17.371124,78.514754
56892,Sripuram Colony - Amberpet,Sripuram Colony - Amberpet,17.376637,78.514668
56893,Ali Cafe,Ali Cafe,17.382066,78.518212
56894,Zinda Tilismath,Zinda Tilismath,17.3876,78.5111
56895,Syndicate Bank,Syndicate Bank,17.398732,78.51256
56896,Prashanth Nagar-Shivam Road,Prashanth Nagar-Shivam Road,17.400731,78.51344
56897,Shivam,Shivam,17.405233,78.515331
56898,Vidyanagar,Vidyanagar,17.405004,78.510725
56899,Ramnagar Gundu,Ramnagar Gundu,17.407519,78.512372
56900,Ramnagar Mee Seva,Ramnagar Mee Seva,17.409177,78.50879
56901,Ramnagar X Roads,Ramnagar X Roads,17.41086,78.507257
56902,Ramnagar,Ramnagar,17.409512,78.506638
56903,Vst Bus Stop,Vst Bus Stop,17.404081,78.503789
56904,Bus Bhavan,Bus Bhavan,17.405666,78.499429
56905,Rtc X Roads,Rtc X Roads,17.408028,78.497186
56906,Golconda X Road,Golconda X Road,17.411665,78.497731
56907,Raja Deluxe Bus Stop,Raja Deluxe Bus Stop,17.415658,78.498253
56908,Musheerabad Police Station,Musheerabad Police Station,17.420579,78.500488
56909,Gandhi Hospital,Gandhi Hospital,17.424085,78.501759
56910,Bhoiguda Bus Stop,Bhoiguda Bus Stop,17.427948,78.502032
56911,Chilkalguda,Chilkalguda,17.432993,78.505978
56912,Secunderabad,Secunderabad,17.43457,78.504874
56913,Chandrayangutta,Chandrayangutta,17.327227,78.475138
56914,Farooqnagar,Farooqnagar,17.329644,78.470292
56915,Engine Bowli,Engine Bowli,17.336566,78.46795
56916,Aliabad,Aliabad,17.347587,78.470613
56917,Laldarwaza,Laldarwaza,17.351185,78.472519
56918,Shahalibanda,Shahalibanda,17.35475,78.473024
56919,Kilwat,Kilwat,17.360127,78.471375
56920,Moosabowli,Moosabowli,17.364275,78.466668
56921,City College,City College,17.367453,78.46829
56922,Madina,Madina,17.370374,78.475592
56923,Afzalgunj,Afzalgunj,17.3734,78.4759
56924,Osmangunj,Osmangunj,17.380159,78.474982
56925,Gandhi Bhavan,Gandhi Bhavan,17.388346,78.471388
56926,Nampally Railway Station,Nampally Railway Station,17.392159,78.47005
56927,Nampally Public Garden,Nampally Public Garden,17.396278,78.470819
56928,Assembly,Assembly,17.400243,78.470014
56929,Lakdikapool,Lakdikapool,17.403609,78.464974
56930,Chintal Basthi,Chintal Basthi,17.408898,78.460376
56931,Khairatabad,Khairatabad,17.414165,78.45864
56932,Khairatabad,Khairatabad,17.41589,78.457918
56933,Irram Manzil,Irram Manzil,17.420753,78.455697
56934,Nims Hospital,Nims Hospital,17.423008,78.454389
56935,Punjagutta,Punjagutta,17.426323,78.452629
56936,Pvr Mall Bus Stop,Pvr Mall Bus Stop,17.429381,78.450406
56937,Ameerpet,Ameerpet,17.431553,78.44765
56938,Maithrivanam,Maithrivanam,17.437045,78.442785
56939,State Home,State Home,17.436445,78.439537
56940,Yousufguda Basti,Yousufguda Basti,17.436489,78.433674
56941,Yousufguda Check Post,Yousufguda Check Post,17.43646,78.428089
56942,Rahamath Nagar Yusufgudda,Rahamath Nagar Yusufgudda,17.439982,78.424032
56943,Karmika-Nagar,Karmika-Nagar,17.444507,78.424156
56944,Sri Ram Nagar Yusufguda,Sri Ram Nagar Yusufguda,17.449269,78.422945
56945,Kalyan Nagar,Kalyan Nagar,17.450798,78.422821
56946,Mothinagar X Road,Mothinagar X Road,17.454095,78.42226
56947,Borabanda,Borabanda,17.454173,78.416277
56948,Mothinagar X Road,Mothinagar X Road,17.454289,78.422317
56949,Yousufguda Check Post,Yousufguda Check Post,17.437406,78.428257
56950,Bright School,Bright School,17.43394,78.436643
56951,Srinagar Colony,Srinagar Colony,17.430232,78.438974
56952,Panjaguta Metro Station,Panjaguta Metro Station,17.429261,78.450954
56953,Punjagutta,Punjagutta,17.426422,78.452737
56954,Nims Hospital,Nims Hospital,17.423164,78.454528
56955,Irram Manzil,Irram Manzil,17.420528,78.456186
56956,Somajiguda,Somajiguda,17.415926,78.457832
56957,Khairatabad,Khairatabad,17.41284,78.460568
56958,Chintal Basthi,Chintal Basthi,17.408955,78.460584
56959,Lakdikapool,Lakdikapool,17.406426,78.462755
56960,Assembly,Assembly,17.402244,78.468561
56961,Nampally Public Garden,Nampally Public Garden,17.396216,78.471274
56962,Nampally Railway Station,Nampally Railway Station,17.392076,78.470205
56963,Gandhi Bhavan,Gandhi Bhavan,17.387777,78.471984
56964,Osmangunj,Osmangunj,17.380559,78.475262
56965,Afzalgunj,Afzalgunj,17.373307,78.476932
56966,Darul Shifa,Darul Shifa,17.373269,78.482986
56967,Purani Haveli,Purani Haveli,17.367562,78.481414
56968,Mir Chowk Police Statiom,Mir Chowk Police Statiom,17.363933,78.480452
56969,Bibi Bazar,Bibi Bazar,17.3586,78.47933
56970,Charminar,Charminar,17.358674,78.474011
56971,Shahalibanda,Shahalibanda,17.354689,78.473287
56972,Laldarwaza,Laldarwaza,17.351204,78.472682
56973,Aliabad,Aliabad,17.347454,78.470573
56974,Engine Bowli,Engine Bowli,17.335,78.469
56975,Falaknuma Railway Bridge,Falaknuma Railway Bridge,17.328047,78.474336
56976,Chandrayangutta,Chandrayangutta,17.326967,78.475963
56977,Afzalgunj,Afzalgunj,17.3738,78.478
56978,Cbs,Cbs,17.378225,78.481675
56979,Bandlaguda Depot,Bandlaguda Depot,17.365524,78.588888
56980,Indu Aranya Pallavi,Indu Aranya Pallavi,17.366521,78.582664
56981,Mathuguda,Mathuguda,17.367229,78.579495
56982,Anand Nagar Colony-Boduppal,Anand Nagar Colony-Boduppal,17.369556,78.573783
56983,Bandlaguda Uppal,Bandlaguda Uppal,17.37145,78.569559
56984,Arunodaya Nagar Nagole,Arunodaya Nagar Nagole,17.373452,78.563085
56985,Nagole X Rds,Nagole X Rds,17.376781,78.557753
56986,Nagole Metro Station,Nagole Metro Station,17.390526,78.558748
56987,Uppal X Roads,Uppal X Roads,17.401261,78.560074
56988,Uppal X Roads,Uppal X Roads,17.399935,78.560282
56989,Nagole Metro Station,Nagole Metro Station,17.390557,78.558925
56990,Nagole X Rds,Nagole X Rds,17.376222,78.558044
56991,Snehapuri - Lb Nagar,Snehapuri - Lb Nagar,17.368836,78.557391
56992,Alkapuri 'X' Rds,Alkapuri 'X' Rds,17.364022,78.557313
56993,Kamineni Hospetal-Lb Nagar,Kamineni Hospetal-Lb Nagar,17.35244,78.555676
56994,Lb Nagar,Lb Nagar,17.345933,78.550588
56995,Sagar Ring Road,Sagar Ring Road,17.341523,78.546178
56996,Tkr Kaman,Tkr Kaman,17.337468,78.53614
56997,Gayatri Nagar X Road,Gayatri Nagar X Road,17.337499,78.531372
56998,Manda Mallama 'X' Rds,Manda Mallama 'X' Rds,17.339561,78.523541
56999,Champapet,Champapet,17.342234,78.515518
57000,Owaisi Hospital,Owaisi Hospital,17.343361,78.506885
57001,Midhani Bus Station,Midhani Bus Station,17.339954,78.503793
57002,Drdl Gate Bus Stop,Drdl Gate Bus Stop,17.336877,78.496718
57003,Hafiz Baba Nagar Hyd Bus Stop,Hafiz Baba Nagar Hyd Bus Stop,17.331897,78.490416
57004,Phool Bagh,Phool Bagh,17.330125,78.485963
57005,Chandrayangutta,Chandrayangutta,17.326595,78.476502
57006,Hashamabad,Hashamabad,17.322118,78.468677
57007,Bandlaguda,Bandlaguda,17.316689,78.466389
57008,Palle Cheruvu,Palle Cheruvu,17.315602,78.455987
57009,Mailardevpally,Mailardevpally,17.316097,78.449408
57010,Durga Nagar-Aramghar,Durga Nagar-Aramghar,17.314699,78.443284
57011,Aramghar,Aramghar,17.321924,78.431336
57012,Shivarampally,Shivarampally,17.327056,78.425341
57013,Ws Colony,Ws Colony,17.332649,78.426636
57014,Lal Dhaba,Lal Dhaba,17.341783,78.422857
57015,Dairy Farm Upperpally,Dairy Farm Upperpally,17.345952,78.415732
57016,Upperpally,Upperpally,17.356012,78.422265
57017,Hyderguda X Roads,Hyderguda X Roads,17.363841,78.428089
57018,Attapur,Attapur,17.370224,78.429198
57019,Jyothi Nagar-Mehdipatnam,Jyothi Nagar-Mehdipatnam,17.38269,78.429364
57020,Gudi Malkapur X Roads,Gudi Malkapur X Roads,17.388156,78.429594
57021,Rethibowli,Rethibowli,17.395706,78.431075
57022,Mehdipatnam,Mehdipatnam,17.395273,78.439793
57023,Mehdipatnam,Mehdipatnam,17.394728,78.440186
57024,Rethibowli,Rethibowli,17.394408,78.43122
57025,Gudi Malkapur X Roads,Gudi Malkapur X Roads,17.387273,78.429774
57026,Jyothi Nagar-Mehdipatnam,Jyothi Nagar-Mehdipatnam,17.382698,78.429585
57027,Attapur,Attapur,17.370238,78.42947
57028,Hyderguda X Roads,Hyderguda X Roads,17.363852,78.428301
57029,Upperpally,Upperpally,17.355678,78.422349
57030,Dairy Farm Upperpally,Dairy Farm Upperpally,17.345415,78.416081
57031,Lal Dhaba,Lal Dhaba,17.342239,78.42247
57032,Ws Colony,Ws Colony,17.332557,78.426885
57033,Shivarampally,Shivarampally,17.326666,78.42571
57034,Aramghar,Aramghar,17.321538,78.432456
57035,Durga Nagar-Aramghar,Durga Nagar-Aramghar,17.314633,78.444821
57036,Mailardevpally,Mailardevpally,17.316299,78.449689
57037,Palle Cheruvu,Palle Cheruvu,17.315776,78.455987
57038,Bandlaguda,Bandlaguda,17.316729,78.466233
57039,Hashamabad,Hashamabad,17.322242,78.468433
57040,Chandrayangutta,Chandrayangutta,17.326838,78.476471
57041,Phool Bagh,Phool Bagh,17.330197,78.48577
57042,Hafiz Baba Nagar Hyd Bus Stop,Hafiz Baba Nagar Hyd Bus Stop,17.331979,78.490346
57043,Drdl Gate Bus Stop,Drdl Gate Bus Stop,17.336944,78.496292
57044,Pisal Banda,Pisal Banda,17.340874,78.502504
57045,Owaisi Hospital,Owaisi Hospital,17.343536,78.506718
57046,Champapet,Champapet,17.342418,78.515893
57047,Manda Mallama 'X' Rds,Manda Mallama 'X' Rds,17.339733,78.52406
57048,Gayatri Nagar X Road,Gayatri Nagar X Road,17.337745,78.531394
57049,Tkr Kaman,Tkr Kaman,17.337709,78.536185
57050,Sagar Ring Road,Sagar Ring Road,17.342963,78.547147
57051,Lb Nagar,Lb Nagar,17.347098,78.551221
57052,Kamineni Hospetal-Lb Nagar,Kamineni Hospetal-Lb Nagar,17.353366,78.555574
57053,Alkapuri 'X' Rds,Alkapuri 'X' Rds,17.365287,78.556949
57054,Snehapuri - Lb Nagar,Snehapuri - Lb Nagar,17.369106,78.557216
57055,Nagole X Rds,Nagole X Rds,17.376484,78.558794
57056,Bandlaguda Uppal,Bandlaguda Uppal,17.371473,78.569413
57057,Anand Nagar-Bandlaguda,Anand Nagar-Bandlaguda,17.369686,78.573608
57058,Mathuguda,Mathuguda,17.367466,78.579171
57059,Indu Aranya Pallavi,Indu Aranya Pallavi,17.366521,78.58275
57060,Dlrl,Dlrl,17.328719,78.482726
57061,Dlrl,Dlrl,17.329029,78.482571
57062,Lb Nagar,Lb Nagar,17.346987,78.550127
57063,Golnaka,Golnaka,17.390537,78.506375
57064,Kachiguda Kamela,Kachiguda Kamela,17.387983,78.503042
57065,Chadarghat,Chadarghat,17.381472,78.492653
57066,Nimboliadda,Nimboliadda,17.384224,78.493602
57067,Kachiguda Railway Station,Kachiguda Railway Station,17.3895,78.497264
57068,Tourist Hotel,Tourist Hotel,17.391025,78.496448
57069,Barkatpura,Barkatpura,17.395688,78.497345
57070,Fever Hospital,Fever Hospital,17.395489,78.502201
57071,Tilak Nagar,Tilak Nagar,17.394193,78.508541
57072,Chilkalguda,Chilkalguda,17.432494,78.506026
57073,Bhoiguda Bus Stop,Bhoiguda Bus Stop,17.428071,78.502201
57074,Gandhi Hospital,Gandhi Hospital,17.424167,78.501971
57075,Musheerabad Metro Station,Musheerabad Metro Station,17.418755,78.499855
57076,Raja Deluxe Bus Stop,Raja Deluxe Bus Stop,17.41502,78.498162
57077,Golconda X Road,Golconda X Road,17.410802,78.498045
57078,Rtc X Roads,Rtc X Roads,17.408527,78.497623
57079,Bus Bhavan,Bus Bhavan,17.406127,78.498698
57080,Vst Bus Stop,Vst Bus Stop,17.404166,78.504409
57081,Ramnagar,Ramnagar,17.409547,78.506583
57082,Ramnagar X Roads,Ramnagar X Roads,17.410971,78.507239
57083,Ramnagar Mee Seva,Ramnagar Mee Seva,17.409564,78.508443
57084,Ramnagar Gundu,Ramnagar Gundu,17.407585,78.512378
57085,Vidyanagar,Vidyanagar,17.404926,78.512265
57086,Shivam,Shivam,17.403743,78.514851
57087,Prashanth Nagar-Shivam Road,Prashanth Nagar-Shivam Road,17.401005,78.513665
57088,Syndicate Bank,Syndicate Bank,17.39716,78.512129
57089,6 Number,6 Number,17.391367,78.510988
57090,Golnaka,Golnaka,17.39058,78.506351
57091,Zinda Tilismath,Zinda Tilismath,17.387632,78.511143
57092,Ali Cafe,Ali Cafe,17.382256,78.518304
57093,Sripuram Colony - Amberpet,Sripuram Colony - Amberpet,17.376192,78.514776
57094,Moosarambhagh,Moosarambhagh,17.370722,78.515001
57095,Dilsukhnagar,Dilsukhnagar,17.36862,78.523664
57096,Chaithanyapuri,Chaithanyapuri,17.368482,78.532612
57097,Chaithanyapuri,Chaithanyapuri,17.368518,78.535026
57098,Kothapet Saroor Nagar,Kothapet Saroor Nagar,17.368356,78.53832
57099,Kothapet Saroor Nagar,Kothapet Saroor Nagar,17.366834,78.541302
57100,Ashtalakshmi Temple-Kothapet,Ashtalakshmi Temple-Kothapet,17.362645,78.543864
57101,Ntr Nagar Lb Nagar,Ntr Nagar Lb Nagar,17.355967,78.545608
57102,Lb Nagar Metro Station,Lb Nagar Metro Station,17.349717,78.548169
57103,Lb Nagar,Lb Nagar,17.346542,78.551459
57104,Lb Nagar Metro Station,Lb Nagar Metro Station,17.350115,78.547509
57105,Ntr Nagar Lb Nagar,Ntr Nagar Lb Nagar,17.355718,78.545304
57106,Ashtalakshmi Temple-Kothapet,Ashtalakshmi Temple-Kothapet,17.362788,78.543466
57107,Kothapet Saroor Nagar,Kothapet Saroor Nagar,17.36713,78.540404
57108,Kothapet Saroor Nagar,Kothapet Saroor Nagar,17.368062,78.538079
57109,Fruit Market,Fruit Market,17.368251,78.534747
57110,Chaithanyapuri,Chaithanyapuri,17.368313,78.531343
57111,Ali Cafe,Ali Cafe,17.38252,78.518048
57112,Police Line-Amberpet,Police Line-Amberpet,17.386643,78.516559
57113,Amberpet,Amberpet,17.39121,78.516272
57114,6 Number,6 Number,17.391741,78.510794
57115,Moghal College,Moghal College,17.314424,78.46194
57116,Nanal Nagar,Nanal Nagar,17.396071,78.426761
57117,Toli Chowki,Toli Chowki,17.398743,78.415609
57118,Brindhavan Colony,Brindhavan Colony,17.402801,78.410163
57119,Shaikpet Nala,Shaikpet Nala,17.407302,78.401751
57120,Darga,Darga,17.413264,78.394529
57121,Khajaguda X Rd,Khajaguda X Rd,17.423083,78.381237
57122,Bio Diversity,Bio Diversity,17.429606,78.374823
57123,Mind Space Centre,Mind Space Centre,17.44188,78.377111
57124,Tcs Deccan Park,Tcs Deccan Park,17.446312,78.377377
57125,Cyber Gateway,Cyber Gateway,17.447385,78.378015
57126,Hitech City (Cyber Towers),Hitech City (Cyber Towers),17.45209,78.381444
57127,Kphb 4Th Phase,Kphb 4Th Phase,17.473316,78.387581
57128,Forum Mall,Forum Mall,17.484002,78.389693
57129,Jntu,Jntu,17.496724,78.394446
57130,Jntu,Jntu,17.494652,78.394521
57131,Forum Mall,Forum Mall,17.483601,78.389812
57132,Kphb 4Th Phase,Kphb 4Th Phase,17.473173,78.387857
57133,Hitech City (Cyber Towers),Hitech City (Cyber Towers),17.450868,78.380396
57134,Tcs Deccan Park,Tcs Deccan Park,17.446302,78.377624
57135,Mind Space Centre,Mind Space Centre,17.441801,78.377242
57136,Bio Diversity,Bio Diversity,17.429157,78.375043
57137,Khajaguda X Rd,Khajaguda X Rd,17.422309,78.382969
57138,Darga,Darga,17.412174,78.395873
57139,Shaikpet Nala,Shaikpet Nala,17.407242,78.402426
57140,Brindhavan Colony,Brindhavan Colony,17.403508,78.409272
57141,Toli Chowki,Toli Chowki,17.399244,78.415518
57142,Nanal Nagar,Nanal Nagar,17.3962,78.427
57143,Moghal College,Moghal College,17.314572,78.462019
57144,Falaknuma Depot,Falaknuma Depot,17.337227,78.467024
57145,Syed Ali Chabutra,Syed Ali Chabutra,17.347878,78.470919
57146,Putlibowli,Putlibowli,17.381949,78.481809
57147,Punjagutta,Punjagutta,17.427105,78.452117
57148,Maithrivanam,Maithrivanam,17.440046,78.442364
57149,Sr Nagar,Sr Nagar,17.442965,78.440737
57150,Esi Hospital Erragadda,Esi Hospital Erragadda,17.448534,78.437619
57151,Erragadda,Erragadda,17.45617,78.433778
57152,Bharath Nagar,Bharath Nagar,17.467232,78.428779
57153,Moosapet,Moosapet,17.470813,78.426676
57154,Habib Nagar,Habib Nagar,17.477482,78.420595
57155,Govt Degree College Kukatpally,Govt Degree College Kukatpally,17.481755,78.415515
57156,Kukatpally,Kukatpally,17.483854,78.412417
57157,Ramdev Rao Hospital,Ramdev Rao Hospital,17.489894,78.407997
57158,Kphb,Kphb,17.494062,78.400453
57159,Jntu,Jntu,17.496261,78.39441
57160,Nizampet 'X' Rds,Nizampet 'X' Rds,17.498276,78.390314
57161,Vasanth Nagar Bus Stop,Vasanth Nagar Bus Stop,17.498712,78.386862
57162,Hydernagar,Hydernagar,17.499185,78.383519
57163,Miyapur Metro Station,Miyapur Metro Station,17.496265,78.370945
57164,Miyapur X Road,Miyapur X Road,17.49648,78.362604
57165,Miyapur,Miyapur,17.495772,78.357949
57166,Allwyn X Road,Allwyn X Road,17.493918,78.350067
57167,Deepthi Sri Nagar,Deepthi Sri Nagar,17.494731,78.345525
57168,Madeenaguda,Madeenaguda,17.494912,78.340601
57169,Gangaram,Gangaram,17.495092,78.332707
57170,Chandanagar,Chandanagar,17.494893,78.323144
57171,Lingampally,Lingampally,17.494849,78.31689
57172,Jyothi Nagar-Bhel,Jyothi Nagar-Bhel,17.501464,78.312041
57173,Ashok Nagar - Bhel,Ashok Nagar - Bhel,17.504123,78.308781
57174,Beeramguda Kaman,Beeramguda Kaman,17.50889,78.300277
57175,Rc Puram,Rc Puram,17.513617,78.287795
57176,Icrisat,Icrisat,17.518554,78.278715
57177,Allwyn,Allwyn,17.524762,78.271719
57178,Patancheruvu,Patancheruvu,17.529025,78.264284
57179,Amberpet,Amberpet,17.390306,78.516455
57180,Police Line-Amberpet,Police Line-Amberpet,17.386412,78.516673
57181,Allwyn,Allwyn,17.524898,78.271729
57182,Icrisat,Icrisat,17.518344,78.279439
57183,Rc Puram,Rc Puram,17.513806,78.288354
57184,Beeramguda Kaman,Beeramguda Kaman,17.508994,78.300791
57185,Ashok Nagar - Bhel,Ashok Nagar - Bhel,17.504589,78.308468
57186,Lingampally,Lingampally,17.495207,78.31726
57187,Chandanagar,Chandanagar,17.495161,78.322976
57188,Gangaram,Gangaram,17.495174,78.330899
57189,Madeenaguda,Madeenaguda,17.49539,78.340708
57190,Allwyn X Road,Allwyn X Road,17.494414,78.352223
57191,Miyapur,Miyapur,17.496694,78.360771
57192,Miyapur X Road,Miyapur X Road,17.496837,78.363581
57193,Miyapur Metro Station,Miyapur Metro Station,17.496817,78.371098
57194,Hydernagar,Hydernagar,17.49954,78.383844
57195,Nizampet 'X' Rds,Nizampet 'X' Rds,17.498657,78.390476
57196,Kphb,Kphb,17.494558,78.40081
57197,Vivekananda Nagar Clny,Vivekananda Nagar Clny,17.48993,78.408394
57198,Kukatpally,Kukatpally,17.483716,78.412924
57199,Moosapet,Moosapet,17.472707,78.425651
57200,Bharath Nagar,Bharath Nagar,17.46713,78.429036
57201,Erragadda,Erragadda,17.452786,78.43579
57202,Esi Hospital Erragadda,Esi Hospital Erragadda,17.446138,78.439221
57203,Sr Nagar,Sr Nagar,17.440269,78.442599
57204,Maithrivanam,Maithrivanam,17.437842,78.443493
57205,Ameerpet,Ameerpet,17.431749,78.447983
57206,Patancheruvu,Patancheruvu,17.529542,78.264107
57207,Jyothi Nagar-Bhel,Jyothi Nagar-Bhel,17.50207,78.312112
57208,Vasanth Nagar Bus Stop,Vasanth Nagar Bus Stop,17.499238,78.385874
57209,Habib Nagar,Habib Nagar,17.477999,78.420471
57210,Nizam College,Nizam College,17.397451,78.475454
57211,Abids Grammar School,Abids Grammar School,17.393332,78.47625
57212,Koti Bank Street,Koti Bank Street,17.385427,78.481908
57213,Koti,Koti,17.383098,78.48282
57214,Cbs,Cbs,17.377854,78.481933
57215,Kalimandir,Kalimandir,17.352451,78.376869
57216,Peeram Cheru,Peeram Cheru,17.354611,78.378807
57217,Bandlaguda X Road,Bandlaguda X Road,17.3598,78.3881
57218,Suncity,Suncity,17.3651,78.3958
57219,Tippu Khan Bridge,Tippu Khan Bridge,17.371098,78.404469
57220,Langar House,Langar House,17.374278,78.417719
57221,Langar House,Langar House,17.381583,78.421837
57222,Nanal Nagar,Nanal Nagar,17.395488,78.427325
57223,Sarojini Devi Hsptl,Sarojini Devi Hsptl,17.398719,78.444326
57224,Nmdc,Nmdc,17.398961,78.449552
57225,Mahaveer Hospital,Mahaveer Hospital,17.402868,78.458551
57226,Bjr College,Bjr College,17.404857,78.461056
57227,Telephone Bhavan,Telephone Bhavan,17.407122,78.466161
57228,Secretariat Lic Bldg,Secretariat Lic Bldg,17.408117,78.471823
57229,Tankbund,Tankbund,17.422315,78.485023
57230,Boats Club,Boats Club,17.426435,78.486637
57231,Bible House,Bible House,17.430641,78.492245
57232,Bata,Bata,17.436005,78.493704
57233,Patny Taj Tristar,Patny Taj Tristar,17.440529,78.495045
57234,Clock Tower-Secbad,Clock Tower-Secbad,17.441517,78.498398
57235,Sangeeth,Sangeeth,17.441123,78.50336
57236,Indra Gandhi Statue-Secunderabad,Indra Gandhi Statue-Secunderabad,17.437418,78.504398
57237,Secunderabad,Secunderabad,17.434259,78.501577
57238,Clock Tower-Secbad,Clock Tower-Secbad,17.440596,78.497057
57239,Bata,Bata,17.436118,78.493857
57240,Bible House,Bible House,17.430759,78.492465
57241,Boats Club,Boats Club,17.428567,78.488812
57242,Tankbund,Tankbund,17.422205,78.48515
57243,Secretariat Lic Bldg,Secretariat Lic Bldg,17.407653,78.471415
57244,Birla Mandir,Birla Mandir,17.406068,78.467327
57245,Mahaveer Hospital,Mahaveer Hospital,17.402746,78.458315
57246,Nmdc,Nmdc,17.398778,78.449448
57247,Sarojini Devi Hsptl,Sarojini Devi Hsptl,17.398543,78.444467
57248,Aramghar,Aramghar,17.321248,78.431603
57249,Ag College,Ag College,17.313797,78.424766
57250,Gagan Pahad,Gagan Pahad,17.292891,78.417686
57251,Sathamrai,Sathamrai,17.274519,78.401179
57252,Unknown,UNKNOWN,17.267563,78.394967
57253,Shamshabad,Shamshabad,17.262046,78.388242
57254,Shamshabad,Shamshabad,17.262309,78.387974
57255,Unknown,UNKNOWN,17.267655,78.394733
57256,Sathamrai,Sathamrai,17.274802,78.40089
57257,Gagan Pahad,Gagan Pahad,17.29292,78.417159
57258,Ag College,Ag College,17.31456,78.424698
57259,Boats Club,Boats Club,17.428673,78.488747
57260,Uppuguda,Uppuguda,17.32864,78.47326
57261,Chatrinaka,Chatrinaka,17.343332,78.47803
57262,Laldarwaza,Laldarwaza,17.346655,78.475331
57263,Abids Gpo,Abids Gpo,17.387568,78.476173
57264,Lb Stadium,Lb Stadium,17.398692,78.474316
57265,Basheer Bagh,Basheer Bagh,17.401842,78.475774
57266,Liberty,Liberty,17.407337,78.476656
57267,Patny,Patny,17.443183,78.496247
57268,Liberty,Liberty,17.40602,78.477097
57269,Basheer Bagh,Basheer Bagh,17.401599,78.475892
57270,Abids Gpo,Abids Gpo,17.387309,78.476248
57271,Laldarwaza,Laldarwaza,17.346965,78.475125
57272,Chatrinaka,Chatrinaka,17.343643,78.478017
57273,Uppuguda,Uppuguda,17.333807,78.481115
57274,Rajendra Nagar Depot,Rajendra Nagar Depot,17.334744,78.409343
57275,Budvel,Budvel,17.333259,78.409735
57276,Budwel Extention,Budwel Extention,17.32992,78.409381
57277,Budvel,Budvel,17.330832,78.406736
57278,Kismatpur-Gandipet,Kismatpur-Gandipet,17.334434,78.391303
57279,Time School Bandlaguda,Time School Bandlaguda,17.341499,78.392212
57280,Sharadadamam,Sharadadamam,17.345408,78.391794
57281,Bandlaguda Jagir,Bandlaguda Jagir,17.351225,78.389881
57282,Peeram Cheru,Peeram Cheru,17.354498,78.379022
57283,Kalimandir,Kalimandir,17.352332,78.377015
57284,Patny Taj Tristar,Patny Taj Tristar,17.439984,78.495338
57285,Nanal Nagar,Nanal Nagar,17.395129,78.427342
57286,Langar House,Langar House,17.378438,78.420975
57287,Langar House,Langar House,17.374015,78.417593
57288,Tippu Khan Bridge,Tippu Khan Bridge,17.371026,78.404623
57289,Suncity,Suncity,17.364762,78.395718
57290,Bandlaguda X Road,Bandlaguda X Road,17.359568,78.387989
57291,Nppti,Nppti,17.336808,78.411859
57292,Dairy Farm Upperpally,Dairy Farm Upperpally,17.345019,78.415612
57293,Uppal Bus Stop,Uppal Bus Stop,17.401659,78.568775
57294,Unknown,UNKNOWN,17.248726,78.382977
57295,Unknown,UNKNOWN,17.244919,78.396088
57296,Unknown,UNKNOWN,17.243003,78.408367
57297,Rgi Airport,Rgi Airport,17.240785,78.429251
57298,Unknown,UNKNOWN,17.242937,78.408265
57299,Unknown,UNKNOWN,17.244725,78.396087
57300,Unknown,UNKNOWN,17.248675,78.382773
57301,Unknown,UNKNOWN,17.265293,78.39156
57302,Budwel Station,Budwel Station,17.302788,78.419895
57303,Lb Nagar,Lb Nagar,17.349387,78.553041
57304,Moosarambhagh,Moosarambhagh,17.369603,78.515779
57305,Super Bazar Bus Stop,Super Bazar Bus Stop,17.371934,78.50992
57306,Chermas Malakpet,Chermas Malakpet,17.373003,78.505297
57307,Nalgonda X Road,Nalgonda X Road,17.37418,78.499712
57308,Chadarghat Rose Bakery,Chadarghat Rose Bakery,17.377272,78.491226
57309,Mgbs,Mgbs,17.376932,78.486387
57310,Musheerabad-2 Bus Depot,Musheerabad-2 Bus Depot,17.408183,78.503844
57311,Vst Bus Stop,Vst Bus Stop,17.403917,78.504805
57312,Nallakunta,Nallakunta,17.398847,78.505956
57313,Fever Hospital,Fever Hospital,17.395425,78.502475
57314,Kachiguda Railway Station,Kachiguda Railway Station,17.390214,78.499004
57315,Kacheguda Bus Depot,Kacheguda Bus Depot,17.386811,78.49884
57316,Chadarghat,Chadarghat,17.382243,78.49325
57317,Barkatpura Pf Office,Barkatpura Pf Office,17.393438,78.497681
57318,Shankar Mutt,Shankar Mutt,17.400788,78.507972
57319,Nimboliadda,Nimboliadda,17.384467,78.493817
57320,Chadarghat,Chadarghat,17.38147,78.49291
57321,Begum Bazar,Begum Bazar,17.371405,78.468665
57322,Jummerath Bazar,Jummerath Bazar,17.370926,78.463016
57323,Puranapool,Puranapool,17.369112,78.458626
57324,Bheem Nagar Jiyaguda,Bheem Nagar Jiyaguda,17.369221,78.454138
57325,Jiyaguda Hyd Bus Stop,Jiyaguda Hyd Bus Stop,17.369862,78.448483
57326,Jiyaguda Hanuman Temple,Jiyaguda Hanuman Temple,17.37,78.442
57327,Bheem Nagar Jiyaguda,Bheem Nagar Jiyaguda,17.369267,78.454027
57328,Puranapool,Puranapool,17.369,78.459
57329,Gandimaisamma,Gandimaisamma,17.575063,78.423339
57330,Bahadur Pally X Road,Bahadur Pally X Road,17.55997,78.431088
57331,Suraram X Road,Suraram X Road,17.541284,78.433879
57332,Saibaba Nagar-Suraram,Saibaba Nagar-Suraram,17.535778,78.434947
57333,Jeedimetla,Jeedimetla,17.52668,78.440339
57334,Sub Station-Jeedimetla,Sub Station-Jeedimetla,17.522705,78.443744
57335,Shapur Nagar-Jeedimetla,Shapur Nagar-Jeedimetla,17.513313,78.447476
57336,Gajularam X Road,Gajularam X Road,17.510098,78.447706
57337,Chintal,Chintal,17.495457,78.452336
57338,Ganesh Nagar Chintal,Ganesh Nagar Chintal,17.491376,78.45136
57339,Idpl Colony,Idpl Colony,17.487433,78.450328
57340,Idpl Water Tank,Idpl Water Tank,17.481157,78.449129
57341,Balnagar,Balnagar,17.466971,78.446261
57342,Balnagar,Balnagar,17.467078,78.445087
57343,Prashanth Nagar Bus Station,Prashanth Nagar Bus Station,17.473782,78.426976
57344,Lokayuktha Office,Lokayuktha Office,17.405506,78.476933
57345,Basheer Bagh,Basheer Bagh,17.401448,78.475894
57346,Hyderguda,Hyderguda,17.400271,78.478131
57347,Old M.L.A. Quarters,Old M.L.A. Quarters,17.397067,78.484153
57348,Vittalwadi,Vittalwadi,17.396073,78.487554
57349,Ymca Narayanaguda,Ymca Narayanaguda,17.395479,78.489912
57350,Ymca Narayanaguda,Ymca Narayanaguda,17.39262,78.48956
57351,Tourist Hotel,Tourist Hotel,17.389764,78.495831
57352,Kachiguda X Roads,Kachiguda X Roads,17.390693,78.489375
57353,Ymca Narayanaguda,Ymca Narayanaguda,17.394294,78.489862
57354,Ymca Narayanaguda,Ymca Narayanaguda,17.395518,78.489606
57355,Old M.L.A. Quarters,Old M.L.A. Quarters,17.396695,78.484392
57356,Hyderguda,Hyderguda,17.4,78.478
57357,Lokayuktha Office,Lokayuktha Office,17.405533,78.47681
57358,Prashanth Nagar Bus Station,Prashanth Nagar Bus Station,17.474764,78.425549
57359,Balnagar,Balnagar,17.467879,78.446084
57360,Idpl Water Tank,Idpl Water Tank,17.481725,78.449024
57361,Idpl Colony,Idpl Colony,17.487911,78.450007
57362,Ganesh Nagar Chintal,Ganesh Nagar Chintal,17.49089,78.45099
57363,Chintal,Chintal,17.4954,78.452103
57364,Hmt,Hmt,17.502846,78.450287
57365,Shapur Nagar-Jeedimetla,Shapur Nagar-Jeedimetla,17.516001,78.446902
57366,Sub Station-Jeedimetla,Sub Station-Jeedimetla,17.522757,78.443386
57367,Jeedimetla,Jeedimetla,17.52636,78.440312
57368,Suraram X Road,Suraram X Road,17.54149,78.433754
57369,Bahadur Pally X Road,Bahadur Pally X Road,17.560582,78.430765
57370,Gandimaisamma,Gandimaisamma,17.575075,78.423194
57371,Ibrahimpatnam Bus Depot,Ibrahimpatnam Bus Depot,17.186761,78.649042
57372,Ibrahimpatnam,Ibrahimpatnam,17.191437,78.647665
57373,Unknown,UNKNOWN,17.196787,78.635991
57374,Uppariguda X Road,Uppariguda X Road,17.205241,78.619684
57375,Sheriguda -Ibp,Sheriguda -Ibp,17.208683,78.619542
57376,Sri Indu College,Sri Indu College,17.213672,78.610501
57377,Mangalpally X Road - Ibp,Mangalpally X Road - Ibp,17.21489,78.605139
57378,Koheda X Road-Ibp,Koheda X Road-Ibp,17.219841,78.599433
57379,Bongloor X Rd-Ibp,Bongloor X Rd-Ibp,17.231567,78.588984
57380,Manneguda X Rd-Ibp,Manneguda X Rd-Ibp,17.255253,78.585641
57381,Ragannaguda,Ragannaguda,17.262394,78.585967
57382,Brahmanapally X Roads,Brahmanapally X Roads,17.266848,78.588908
57383,Turkayamjal-Hayathnagar,Turkayamjal-Hayathnagar,17.273584,78.588746
57384,Sathireddy Garden,Sathireddy Garden,17.279595,78.586965
57385,Katta Mysamma,Katta Mysamma,17.291771,78.586881
57386,Injapur X Roads,Injapur X Roads,17.298892,78.582422
57387,Gurramguda X Rd,Gurramguda X Rd,17.304524,78.570421
57388,Sagar Complex,Sagar Complex,17.312109,78.563715
57389,Bn Reddy Nagar,Bn Reddy Nagar,17.320458,78.56039
57390,Hastinapur,Hastinapur,17.326891,78.556174
57391,Hastinapur,Hastinapur,17.329472,78.553711
57392,Santhoshi Matha Temple-Hasthinapuram North,Santhoshi Matha Temple-Hasthinapuram North,17.332662,78.552672
57393,Omkar Nagar,Omkar Nagar,17.336996,78.550159
57394,Survey Of India,Survey Of India,17.405683,78.555518
57395,Ngri,Ngri,17.415405,78.545382
57396,Habsiguda,Habsiguda,17.421528,78.538962
57397,Tarnaka,Tarnaka,17.425706,78.532227
57398,Railway Degree Collge,Railway Degree Collge,17.42863,78.527312
57399,Mettuguda,Mettuguda,17.434189,78.520796
57400,Alugaddabavi,Alugaddabavi,17.435314,78.514384
57401,Chilkalguda,Chilkalguda,17.433062,78.506383
57402,Jbs,Jbs,17.446717,78.497998
57403,St Anns- Secunderabad,St Anns- Secunderabad,17.442947,78.503709
57404,Bluesea,Bluesea,17.437131,78.505148
57405,Chilkalguda,Chilkalguda,17.433305,78.506772
57406,Alugaddabavi,Alugaddabavi,17.435588,78.514285
57407,Mettuguda,Mettuguda,17.434563,78.520907
57408,Tarnaka,Tarnaka,17.425806,78.53272
57409,Habsiguda,Habsiguda,17.421297,78.539776
57410,Ngri,Ngri,17.415466,78.545746
57411,Survey Of India,Survey Of India,17.406016,78.55561
57412,Sagar Ring Road,Sagar Ring Road,17.340736,78.548133
57413,Omkar Nagar,Omkar Nagar,17.337184,78.550306
57414,Santhoshi Matha Temple-Hasthinapuram North,Santhoshi Matha Temple-Hasthinapuram North,17.332302,78.55297
57415,Hastinapur,Hastinapur,17.328905,78.554627
57416,Hastinapur,Hastinapur,17.32692,78.556425
57417,Bn Reddy Nagar,Bn Reddy Nagar,17.319952,78.560615
57418,Sagar Complex,Sagar Complex,17.313,78.563557
57419,Gurramguda X Rd,Gurramguda X Rd,17.30458,78.570893
57420,Injapur X Roads,Injapur X Roads,17.298756,78.582957
57421,Katta Mysamma,Katta Mysamma,17.291827,78.587115
57422,Sathireddy Garden,Sathireddy Garden,17.279626,78.587244
57423,Turkayamjal-Hayathnagar,Turkayamjal-Hayathnagar,17.272837,78.589092
57424,Ragannaguda,Ragannaguda,17.262043,78.586106
57425,Manneguda X Rd-Ibp,Manneguda X Rd-Ibp,17.255216,78.585786
57426,Bongloor X Rd-Ibp,Bongloor X Rd-Ibp,17.231374,78.58928
57427,Koheda X Road-Ibp,Koheda X Road-Ibp,17.219737,78.600097
57428,Mangalpally X Road - Ibp,Mangalpally X Road - Ibp,17.215001,78.605301
57429,Sri Indu College,Sri Indu College,17.213819,78.611222
57430,Sheriguda -Ibp,Sheriguda -Ibp,17.208482,78.61978
57431,Uppariguda X Road,Uppariguda X Road,17.205261,78.619945
57432,Uppariguda X Road,Uppariguda X Road,17.198639,78.632917
57433,Ibrahimpatnam Old Bus Station,Ibrahimpatnam Old Bus Station,17.197216,78.650034
57434,Brahmanapally X Roads,Brahmanapally X Roads,17.266759,78.589019
57435,Unknown,UNKNOWN,17.264863,78.391871
57436,Kishanguda,Kishanguda,17.25431,78.380558
57437,Gandiguda,Gandiguda,17.230307,78.352623
57438,Gansimiya-Guda,Gansimiya-Guda,17.225814,78.347325
57439,Unknown,UNKNOWN,17.223139,78.345072
57440,Peddashapur,Peddashapur,17.217,78.341
57441,Madanpally,Madanpally,17.198848,78.322419
57442,Palmakole,Palmakole,17.185518,78.306082
57443,Thimmapur-Kothur,Thimmapur-Kothur,17.167849,78.298386
57444,Kothur-Shadnagar,Kothur-Shadnagar,17.148081,78.289022
57445,Kothur-Shadnagar,Kothur-Shadnagar,17.15,78.29
57446,Thimmapur-Kothur,Thimmapur-Kothur,17.168001,78.298301
57447,Palmakole,Palmakole,17.185573,78.305958
57448,Madanpally,Madanpally,17.198961,78.322394
57449,Peddashapur,Peddashapur,17.219,78.342
57450,Unknown,UNKNOWN,17.224856,78.346124
57451,Gansimiya-Guda,Gansimiya-Guda,17.225926,78.347132
57452,Gandiguda,Gandiguda,17.23,78.352
57453,Kishanguda,Kishanguda,17.253075,78.379034
57454,Mehdipatnam Bus Depot,Mehdipatnam Bus Depot,17.392219,78.440777
57455,Masab Tank,Masab Tank,17.404261,78.451905
57456,Pension Office,Pension Office,17.407474,78.451085
57457,Care Hospital-Banjara Hills,Care Hospital-Banjara Hills,17.413627,78.450433
57458,Gvk Mall,Gvk Mall,17.418731,78.448104
57459,Nims Hospital,Nims Hospital,17.421953,78.449115
57460,Punjagutta,Punjagutta,17.426621,78.451111
57461,Panduranga Nagar,Panduranga Nagar,17.455703,78.425378
57462,Kabeer Nagar Hyd Bus Stop,Kabeer Nagar Hyd Bus Stop,17.456715,78.422512
57463,Kabeer Nagar Hyd Bus Stop,Kabeer Nagar Hyd Bus Stop,17.456107,78.422293
57464,Panduranga Nagar,Panduranga Nagar,17.455856,78.42526
57465,Sanath Nagar Railway Station,Sanath Nagar Railway Station,17.461639,78.431581
57466,Punjagutta,Punjagutta,17.426452,78.451411
57467,Nims Hospital,Nims Hospital,17.421459,78.448962
57468,Gvk Mall,Gvk Mall,17.417948,78.449019
57469,Care Hospital-Banjara Hills,Care Hospital-Banjara Hills,17.413633,78.450612
57470,Pension Office,Pension Office,17.407885,78.451159
57471,Masab Tank,Masab Tank,17.404164,78.452245
57472,Dilsukhnagar,Dilsukhnagar,17.368804,78.523839
57473,Chintalkunta Checkpost,Chintalkunta Checkpost,17.342026,78.558109
57474,Chintalkunta Bus Stop,Chintalkunta Bus Stop,17.340933,78.562103
57475,Panama Godowns,Panama Godowns,17.338439,78.568841
57476,Vanasthalipuram,Vanasthalipuram,17.336986,78.573452
57477,Autonagar Hayatnagar,Autonagar Hayatnagar,17.336495,78.576728
57478,High Court Colony-Dsnr,High Court Colony-Dsnr,17.335042,78.585203
57479,Bhagyalatha (Arunodaya),Bhagyalatha (Arunodaya),17.33294,78.589272
57480,Hayathnagar Bus Depot,Hayathnagar Bus Depot,17.33012,78.594598
57481,Rtc Colony-Hyt,Rtc Colony-Hyt,17.328654,78.598786
57482,Hayathnagar,Hayathnagar,17.32719,78.605162
57483,Word And Deed School,Word And Deed School,17.321399,78.61347
57484,Laxmareddy Palem-Hyt,Laxmareddy Palem-Hyt,17.320766,78.626633
57485,Pedda Amberpet,Pedda Amberpet,17.321432,78.639326
57486,Outer Ring-Amberpet,Outer Ring-Amberpet,17.317599,78.66184
57487,Gandi Mysamma Temple-Abdullahpurmet,Gandi Mysamma Temple-Abdullahpurmet,17.315115,78.673833
57488,Ramoji Film City,Ramoji Film City,17.311516,78.683365
57489,Abdullahpurmet,Abdullahpurmet,17.310007,78.686613
57490,Brilliant Engg Clg,Brilliant Engg Clg,17.308324,78.701232
57491,Inamguda,Inamguda,17.306523,78.705618
57492,Jafferguda X Road,Jafferguda X Road,17.306913,78.715531
57493,Batasingaram,Batasingaram,17.305658,78.728837
57494,Kothagudem-Choutuppal,Kothagudem-Choutuppal,17.300759,78.739384
57495,Dandumailaram X Road,Dandumailaram X Road,17.292542,78.753932
57496,Toopranpet-Choutuppal,Toopranpet-Choutuppal,17.291627,78.760892
57497,Ashoka Clg-Malkapur,Ashoka Clg-Malkapur,17.288255,78.770055
57498,Andol Maisamma Temple Choutuppal,Andol Maisamma Temple Choutuppal,17.282049,78.78305
57499,Mandollagudem Choutuppal,Mandollagudem Choutuppal,17.279397,78.790549
57500,Malkapur-Choutppal,Malkapur-Choutppal,17.280343,78.796394
57501,Borollagudem,Borollagudem,17.272897,78.817948
57502,Kaithapur Choutuppal,Kaithapur Choutuppal,17.267575,78.827167
57503,Yellagiri,Yellagiri,17.2635,78.839028
57504,Koyyalagudem Choutuppal,Koyyalagudem Choutuppal,17.260919,78.843952
57505,Dharmajigudem,Dharmajigudem,17.256564,78.877778
57506,Lakkaram,Lakkaram,17.2562,78.888554
57507,Choutuppal,Choutuppal,17.254413,78.89448
57508,Choutuppal,Choutuppal,17.253829,78.89411
57509,Lakkaram,Lakkaram,17.256158,78.886505
57510,Dharmajigudem,Dharmajigudem,17.256426,78.8777
57511,Koyyalagudem Choutuppal,Koyyalagudem Choutuppal,17.260427,78.843995
57512,Yellagiri,Yellagiri,17.263234,78.838618
57513,Kaithapur Choutuppal,Kaithapur Choutuppal,17.26763,78.826623
57514,Borollagudem,Borollagudem,17.273571,78.815751
57515,Malkapur-Choutppal,Malkapur-Choutppal,17.280127,78.7965
57516,Mandollagudem Choutuppal,Mandollagudem Choutuppal,17.279126,78.789652
57517,Andol Maisamma Temple Choutuppal,Andol Maisamma Temple Choutuppal,17.282413,78.782208
57518,Ashoka Clg-Malkapur,Ashoka Clg-Malkapur,17.288191,78.769993
57519,Toopranpet-Choutuppal,Toopranpet-Choutuppal,17.291326,78.76186
57520,Dandumailaram X Road,Dandumailaram X Road,17.292287,78.754176
57521,Kothagudem-Choutuppal,Kothagudem-Choutuppal,17.300595,78.739249
57522,Batasingaram,Batasingaram,17.305267,78.72924
57523,Jafferguda X Road,Jafferguda X Road,17.306542,78.715592
57524,Inamguda,Inamguda,17.306185,78.705423
57525,Brilliant Engg Clg,Brilliant Engg Clg,17.308,78.701
57526,Abdullahpurmet,Abdullahpurmet,17.309817,78.686622
57527,Ramoji Film City,Ramoji Film City,17.31132,78.683128
57528,Outer Ring-Amberpet,Outer Ring-Amberpet,17.317287,78.662109
57529,Pedda Amberpet,Pedda Amberpet,17.320549,78.641241
57530,Laxmareddy Palem-Hyt,Laxmareddy Palem-Hyt,17.320557,78.626572
57531,Word And Deed School,Word And Deed School,17.320909,78.613622
57532,Hayathnagar,Hayathnagar,17.327078,78.603732
57533,Rtc Colony Upl,Rtc Colony Upl,17.328056,78.599494
57534,Hayathnagar Bus Depot,Hayathnagar Bus Depot,17.329593,78.5944
57535,Bhagyalatha (Arunodaya),Bhagyalatha (Arunodaya),17.33266,78.588799
57536,High Court Colony-Dsnr,High Court Colony-Dsnr,17.334888,78.5848
57537,Autonagar Hayatnagar,Autonagar Hayatnagar,17.336228,78.576683
57538,Sushma Theatre,Sushma Theatre,17.336679,78.573089
57539,Panama Godowns,Panama Godowns,17.338,78.569243
57540,Chintalkunta Bus Stop,Chintalkunta Bus Stop,17.340461,78.563088
57541,Chintalkunta Checkpost,Chintalkunta Checkpost,17.342581,78.556374
57542,Barkas,Barkas,17.317381,78.479588
57543,Shankar Mutt,Shankar Mutt,17.400595,78.507909
57544,Barkas,Barkas,17.317458,78.479656
57545,Hmt,Hmt,17.502841,78.450475
57546,Y Junction Kukatpally,Y Junction Kukatpally,17.475212,78.423632
57547,Ibp Manchal Road,Ibp Manchal Road,17.193133,78.646667
57548,Arkedia,Arkedia,17.176813,78.666063
57549,Seetharampet-Ibrahimpatnam,Seetharampet-Ibrahimpatnam,17.171196,78.677183
57550,Nomula-Manchal,Nomula-Manchal,17.16726,78.689151
57551,Lingampalle-Manchal,Lingampalle-Manchal,17.16562,78.701178
57552,Lingampalle-Manchal,Lingampalle-Manchal,17.181,78.707
57553,Manchal,Manchal,17.160945,78.720667
57554,Arutla-Manchal,Arutla-Manchal,17.134,78.759
57555,Chennareddyguda,Chennareddyguda,17.093413,78.776768
57556,Bodakonda Penikarla,Bodakonda Penikarla,17.061244,78.776889
57557,Kurravni Thanda,Kurravni Thanda,17.060282,78.791993
57558,Sathi Thanda-Manchal,Sathi Thanda-Manchal,17.055961,78.801987
57559,Amboth Thanda,Amboth Thanda,17.050225,78.816181
57560,Loyapalle-Manchal,Loyapalle-Manchal,17.040855,78.830949
57561,Khudabaksh Palle,Khudabaksh Palle,17.031,78.838
57562,Loyapalle-Manchal,Loyapalle-Manchal,17.04066,78.830971
57563,Amboth Thanda,Amboth Thanda,17.050266,78.815988
57564,Sathi Thanda-Manchal,Sathi Thanda-Manchal,17.055913,78.802212
57565,Kurravni Thanda,Kurravni Thanda,17.060062,78.792154
57566,Mro Office Manchal,Mro Office Manchal,17.159913,78.727054
57567,Manchal,Manchal,17.160786,78.720624
57568,Lingampalle-Manchal,Lingampalle-Manchal,17.16544,78.701479
57569,Nomula-Manchal,Nomula-Manchal,17.16725,78.689076
57570,Seetharampet-Ibrahimpatnam,Seetharampet-Ibrahimpatnam,17.171,78.677
57571,Arkedia,Arkedia,17.176772,78.665897
57572,Sbi Colony Kothapet,Sbi Colony Kothapet,17.372158,78.543437
57573,Commercial Tax Colony,Commercial Tax Colony,17.373073,78.547625
57574,Mohan Nagar - Dsnr,Mohan Nagar - Dsnr,17.373909,78.550131
57575,New-Nagole,New-Nagole,17.375012,78.553405
57576,Bio Diversity,Bio Diversity,17.429031,78.374323
57577,Care Hospital-Gachibowli,Care Hospital-Gachibowli,17.43092,78.372329
57578,Telecom Nagar Hyd,Telecom Nagar Hyd,17.435076,78.367627
57579,Gachibowli,Gachibowli,17.438938,78.363113
57580,Indira Nagar- Gachibowli,Indira Nagar- Gachibowli,17.440923,78.36016
57581,Iiit,Iiit,17.445506,78.352065
57582,Gachibowli Stadium,Gachibowli Stadium,17.450753,78.346141
57583,Hcu Small Gate,Hcu Small Gate,17.45687,78.339608
57584,Masjid Banda,Masjid Banda,17.460191,78.337192
57585,Hcu Main Gate,Hcu Main Gate,17.461536,78.33591
57586,Hcu Main Gate,Hcu Main Gate,17.468116,78.331202
57587,Alind,Alind,17.476683,78.324602
57588,Lingampally Railway Station,Lingampally Railway Station,17.479735,78.315214
57589,Lingampally,Lingampally,17.494084,78.31582
57590,Lingampally Railway Station,Lingampally Railway Station,17.480042,78.315332
57591,Alind,Alind,17.476675,78.324733
57592,Hcu Main Gate,Hcu Main Gate,17.468233,78.331306
57593,Hcu Main Gate,Hcu Main Gate,17.462202,78.335502
57594,Masjid Banda,Masjid Banda,17.459431,78.338017
57595,Hcu Small Gate,Hcu Small Gate,17.456496,78.340242
57596,Gachibowli Stadium,Gachibowli Stadium,17.45075,78.3468
57597,Iiit,Iiit,17.444442,78.353685
57598,Indira Nagar- Gachibowli,Indira Nagar- Gachibowli,17.440606,78.360943
57599,Gachibowli,Gachibowli,17.438327,78.364565
57600,Telecom Nagar Hyd,Telecom Nagar Hyd,17.435596,78.367753
57601,Aramghar,Aramghar,17.322198,78.431614
57602,Khanapur X Roads,Khanapur X Roads,17.175368,78.654717
57603,Gnit,Gnit,17.162632,78.66054
57604,Agapally-Ibrahimpatnam,Agapally-Ibrahimpatnam,17.134244,78.671701
57605,Gungal,Gungal,17.105519,78.666755
57606,Chowderpalle-Yacharam,Chowderpalle-Yacharam,17.07,78.666
57607,Yacharam-Yacharam,Yacharam-Yacharam,17.042456,78.664448
57608,Balagram,Balagram,17.018199,78.6817
57609,Chinthapatla Thanda,Chinthapatla Thanda,17.012162,78.685466
57610,Chintapatla,Chintapatla,17.009344,78.686681
57611,Thakkellapalle,Thakkellapalle,17.001957,78.690128
57612,Thammaloniguda X Road,Thammaloniguda X Road,16.986795,78.711171
57613,Marriguda X Road,Marriguda X Road,16.973526,78.7302
57614,Mall-Yacharam,Mall-Yacharam,16.967311,78.72964
57615,Chadarghat,Chadarghat,17.377216,78.49302
57616,Koti Women College,Koti Women College,17.384808,78.487621
57617,J.P Colony Patancheru,J.P Colony Patancheru,17.528676,78.267203
57618,Deepthi Sri Nagar,Deepthi Sri Nagar,17.495068,78.345604
57619,Cbcid Colony-Hydernagar,Cbcid Colony-Hydernagar,17.498927,78.380252
57620,Remedy Hospital-Kuktplly,Remedy Hospital-Kuktplly,17.494976,78.398581
57621,Koti Women College,Koti Women College,17.38495,78.488479
57622,Chadarghat,Chadarghat,17.377081,78.49577
57623,Nalgonda X Road,Nalgonda X Road,17.375289,78.498622
57624,Old Malakpet,Old Malakpet,17.373348,78.504237
57625,Super Bazar Bus Stop,Super Bazar Bus Stop,17.37246,78.509112
57626,Moosarambhagh,Moosarambhagh,17.369515,78.516761
57627,Narayanamma College,Narayanamma College,17.409922,78.398215
57628,Pc Tanda,Pc Tanda,17.537052,78.242828
57629,Muthangi,Muthangi,17.542451,78.226631
57630,Isnapur,Isnapur,17.547368,78.211831
57631,Lakdaram-Patancheru,Lakdaram-Patancheru,17.555093,78.188968
57632,Rudraram,Rudraram,17.563656,78.166609
57633,Gitam University,Gitam University,17.549876,78.164191
57634,Rudraram,Rudraram,17.563804,78.166716
57635,Lakdaram-Patancheru,Lakdaram-Patancheru,17.55671,78.185064
57636,Isnapur,Isnapur,17.547173,78.212507
57637,Muthangi,Muthangi,17.542716,78.226666
57638,Navapan Industries,Navapan Industries,17.532263,78.254354
57639,Narayanamma College,Narayanamma College,17.410228,78.398301
57640,Farooqnagar,Farooqnagar,17.328553,78.469795
57641,Saibaba Nagar-Suraram,Saibaba Nagar-Suraram,17.536032,78.434701
57642,Raithubazar-Jeedimetla,Raithubazar-Jeedimetla,17.517633,78.446755
57643,Gajularam X Road,Gajularam X Road,17.509412,78.448168
57644,Quthubullapur X Road,Quthubullapur X Road,17.499096,78.451813
57645,Mothinagar,Mothinagar,17.454239,78.422693
57646,Mothinagar,Mothinagar,17.454367,78.422695
57647,Hayathnagar Bus Depot,Hayathnagar Bus Depot,17.326525,78.593241
57648,Quthubullapur X Road,Quthubullapur X Road,17.498897,78.45176
57649,Raithubazar-Jeedimetla,Raithubazar-Jeedimetla,17.51761,78.446591
57650,Quthubullapur X Road,Quthubullapur X Road,17.507785,78.460134
57651,Drdo Township,Drdo Township,17.3269,78.51278
57652,Dhatunagar Kanchanbagh,Dhatunagar Kanchanbagh,17.325138,78.514315
57653,Midhani Township,Midhani Township,17.323827,78.515414
57654,Balapur 'X' Rds,Balapur 'X' Rds,17.319133,78.51962
57655,Lenin Nagar,Lenin Nagar,17.315982,78.522647
57656,Udyog Nagar,Udyog Nagar,17.313,78.523
57657,Badangpet,Badangpet,17.306916,78.525419
57658,Anjaneya Tower,Anjaneya Tower,17.298062,78.532038
57659,Gandhi Nagar Badangpet,Gandhi Nagar Badangpet,17.293989,78.534855
57660,Sri Nilaya Township,Sri Nilaya Township,17.289031,78.536206
57661,Mvsr College,Mvsr College,17.281916,78.537397
57662,Nadargul,Nadargul,17.274,78.539
57663,Nadargul,Nadargul,17.273646,78.539318
57664,Mvsr College,Mvsr College,17.282085,78.537333
57665,Sri Nilaya Township,Sri Nilaya Township,17.290004,78.53581
57666,Gandhi Nagar Badangpet,Gandhi Nagar Badangpet,17.294,78.535
57667,Anjaneya Tower,Anjaneya Tower,17.297999,78.531985
57668,Badangpet,Badangpet,17.307238,78.525172
57669,Udyog Nagar,Udyog Nagar,17.312718,78.522948
57670,Lenin Nagar,Lenin Nagar,17.315648,78.522639
57671,Balapur 'X' Rds,Balapur 'X' Rds,17.319133,78.519184
57672,Midhani Township,Midhani Township,17.323832,78.515243
57673,Dhatunagar Kanchanbagh,Dhatunagar Kanchanbagh,17.325096,78.5141
57674,Drdo Township,Drdo Township,17.326721,78.5127
57675,Yadagiri Theater,Yadagiri Theater,17.346783,78.508193
57676,Is Sadan,Is Sadan,17.352873,78.506443
57677,Saidabad,Saidabad,17.359476,78.504707
57678,Government Press,Government Press,17.367428,78.501638
57679,Malakpet Govt Hospital/Sohail Hotel,Malakpet Govt Hospital/Sohail Hotel,17.372109,78.499546
57680,Koti Maternity Hospital,Koti Maternity Hospital,17.385351,78.487071
57681,Ramkoti,Ramkoti,17.390486,78.486147
57682,Chikkadpally,Chikkadpally,17.403572,78.495252
57683,Chikkadpally,Chikkadpally,17.402301,78.495219
57684,Narayanaguda,Narayanaguda,17.398823,78.493952
57685,Ymca Narayanaguda,Ymca Narayanaguda,17.395605,78.490601
57686,Badi Chowdi,Badi Chowdi,17.388501,78.487549
57687,Malakpet Govt Hospital/Sohail Hotel,Malakpet Govt Hospital/Sohail Hotel,17.372506,78.499514
57688,Government Press,Government Press,17.367,78.502
57689,Saidabad,Saidabad,17.359332,78.50483
57690,Madannapet,Madannapet,17.35775,78.50535
57691,Is Sadan,Is Sadan,17.351862,78.506989
57692,Yadagiri Theater,Yadagiri Theater,17.346343,78.508226
57693,Nppti,Nppti,17.337025,78.41179
57694,Banjarahills Road No 7,Banjarahills Road No 7,17.416807,78.448793
57695,Bhupesh Guptha Nagar,Bhupesh Guptha Nagar,17.332845,78.537755
57696,Nandanavanam,Nandanavanam,17.327,78.538
57697,Tkr Bus Terminal,Tkr Bus Terminal,17.322874,78.538449
57698,Shivarampally,Shivarampally,17.327,78.435
57699,Banjarahills Road No 7,Banjarahills Road No 7,17.416332,78.448935
57700,Bhupesh Guptha Nagar,Bhupesh Guptha Nagar,17.332565,78.537727
57701,Karmanghat,Karmanghat,17.344272,78.532326
57702,Green Park Conoly,Green Park Conoly,17.345232,78.525628
57703,Champapet,Champapet,17.348647,78.515104
57704,Koti,Koti,17.38466,78.484407
57705,Banjara Hills Kaman,Banjara Hills Kaman,17.408288,78.43873
57706,Mla Colony,Mla Colony,17.414103,78.424086
57707,Apollo Hospital-Jublie Hills,Apollo Hospital-Jublie Hills,17.418583,78.412782
57708,Journalist Colony,Journalist Colony,17.421357,78.410652
57709,Ambedkar Open University,Ambedkar Open University,17.434225,78.396371
57710,Peddamma Temple,Peddamma Temple,17.427571,78.405412
57711,Madhapur Police Station,Madhapur Police Station,17.439457,78.396015
57712,Madhapur Petrol Pump,Madhapur Petrol Pump,17.441158,78.389533
57713,Image Hospital,Image Hospital,17.446358,78.385005
57714,Hitex,Hitex,17.455461,78.377546
57715,Jayabheri,Jayabheri,17.458139,78.370006
57716,Kothaguda-Kondapur,Kothaguda-Kondapur,17.459357,78.366042
57717,Kondapur,Kondapur,17.464,78.367
57718,Cr Foundation Rd,Cr Foundation Rd,17.473514,78.364022
57719,Hafeezpet,Hafeezpet,17.478294,78.361745
57720,Vengal Rao Building Road No-12,Vengal Rao Building Road No-12,17.412,78.432
57721,Road No 45,Road No 45,17.424704,78.409191
57722,Cable Bridge,Cable Bridge,17.435749,78.394403
57723,Hitech City (Cyber Towers),Hitech City (Cyber Towers),17.4508,78.3817
57724,Shilparamam,Shilparamam,17.453836,78.378979
57725,Kondapur,Kondapur,17.465165,78.363698
57726,Kondapur,Kondapur,17.463916,78.367254
57727,Kothaguda-Kondapur,Kothaguda-Kondapur,17.45863,78.368177
57728,Jayabheri,Jayabheri,17.45826,78.370079
57729,Hitex,Hitex,17.455115,78.378112
57730,Hitech City (Cyber Towers),Hitech City (Cyber Towers),17.449951,78.382574
57731,Image Hospital,Image Hospital,17.44395,78.387221
57732,Madhapur Petrol Pump,Madhapur Petrol Pump,17.44142,78.389892
57733,Madhapur Police Station,Madhapur Police Station,17.438994,78.397037
57734,Cable Bridge,Cable Bridge,17.435637,78.394538
57735,Ambedkar Open University,Ambedkar Open University,17.434449,78.396581
57736,Peddamma Temple,Peddamma Temple,17.427807,78.405616
57737,Road No 45,Road No 45,17.424878,78.409435
57738,Journalist Colony,Journalist Colony,17.420993,78.411288
57739,Apollo Hospital-Jublie Hills,Apollo Hospital-Jublie Hills,17.418276,78.413469
57740,Mla Colony,Mla Colony,17.414393,78.424366
57741,Banjara Hills Kaman,Banjara Hills Kaman,17.409517,78.438016
57742,Mgbs,Mgbs,17.37828,78.483926
57743,Mgbs,Mgbs,17.376952,78.486266
57744,Allwyn X Road,Allwyn X Road,17.491964,78.353041
57745,Hafeezpet,Hafeezpet,17.479512,78.361284
57746,Cr Foundation Rd,Cr Foundation Rd,17.473431,78.364314
57747,Peddamma Temple,Peddamma Temple,17.431598,78.4072
57748,Ushakiran Movies,Ushakiran Movies,17.430165,78.411049
57749,Jubilee Hills Checkpost,Jubilee Hills Checkpost,17.427714,78.416478
57750,Allwyn X Road,Allwyn X Road,17.493111,78.35185
57751,Ibrahimpatnam Bus Depot,Ibrahimpatnam Bus Depot,17.186971,78.649186
57752,Sagar Ring Road,Sagar Ring Road,17.342268,78.546292
57753,Bairammalguda,Bairammalguda,17.343029,78.542751
57754,Is Sadan,Is Sadan,17.351816,78.507864
57755,Champapet,Champapet,17.348562,78.515713
57756,Green Park Conoly,Green Park Conoly,17.345247,78.526117
57757,Karmanghat,Karmanghat,17.344441,78.532242
57758,Bairammalguda,Bairammalguda,17.343161,78.543124
57759,Jubilee Hills Checkpost,Jubilee Hills Checkpost,17.426126,78.41517
57760,Unknown,UNKNOWN,17.3821,78.4836
57761,Chadarghat,Chadarghat,17.380878,78.491242
57762,Narayanaguda,Narayanaguda,17.39821,78.493103
57763,Koti Maternity Hospital,Koti Maternity Hospital,17.385502,78.487051
57764,Moghalpura,Moghalpura,17.35945,78.476523
57765,Patny,Patny,17.44296,78.496673
57766,Jbs,Jbs,17.449257,78.496384
57767,Vikrampuri,Vikrampuri,17.45526,78.49804
57768,Karkhana,Karkhana,17.460776,78.500356
57769,Tirumalagiri,Tirumalagiri,17.47262,78.50982
57770,Lalbazar,Lalbazar,17.477752,78.510668
57771,Lalbazar,Lalbazar,17.479221,78.510914
57772,Family Quarters,Family Quarters,17.49091,78.512726
57773,Lothukunta,Lothukunta,17.493553,78.512473
57774,Alwal,Alwal,17.501856,78.513966
57775,Sri Bakery,Sri Bakery,17.504728,78.50765
57776,Old Alwal,Old Alwal,17.508687,78.50353
57777,Father Baliah Nagar,Father Baliah Nagar,17.506402,78.492643
57778,Loyola Academy,Loyola Academy,17.504777,78.487702
57779,Suchitra X Road,Suchitra X Road,17.500766,78.479934
57780,Loyola Academy,Loyola Academy,17.505035,78.487839
57781,Father Baliah Nagar,Father Baliah Nagar,17.506522,78.492767
57782,Old Alwal,Old Alwal,17.508452,78.503855
57783,Sri Bakery,Sri Bakery,17.50477,78.507644
57784,Alwal,Alwal,17.50202,78.514137
57785,Lothukunta,Lothukunta,17.491851,78.512831
57786,Family Quarters,Family Quarters,17.490984,78.512844
57787,Lalbazar,Lalbazar,17.47851,78.51104
57788,Tirumalagiri,Tirumalagiri,17.4726,78.51007
57789,Karkhana,Karkhana,17.460615,78.500549
57790,Vikrampuri,Vikrampuri,17.454386,78.498216
57791,Jbs,Jbs,17.447566,78.496636
57792,St Anns- Secunderabad,St Anns- Secunderabad,17.44272,78.50361
57793,Suchitra X Road,Suchitra X Road,17.500384,78.477221
57794,Jeedimetla Village,Jeedimetla Village,17.508909,78.479253
57795,Angadipet,Angadipet,17.513936,78.479593
57796,Ncl North Avenue,Ncl North Avenue,17.525631,78.484201
57797,Doolapally X Road,Doolapally X Road,17.541013,78.490783
57798,Kompally,Kompally,17.544708,78.491754
57799,Kompally Bridge,Kompally Bridge,17.564408,78.493369
57800,Gundla Pochampally,Gundla Pochampally,17.569052,78.49356
57801,Prestige Park Gundlapochampally,Prestige Park Gundlapochampally,17.57651,78.491687
57802,Kandlakoya,Kandlakoya,17.591332,78.492772
57803,Cmr College,Cmr College,17.603855,78.490751
57804,Ida Medchal,Ida Medchal,17.611499,78.487257
57805,Medchal Checkpost,Medchal Checkpost,17.6174,78.485756
57806,Medchal,Medchal,17.634207,78.485749
57807,Medchal Checkpost,Medchal Checkpost,17.617943,78.485829
57808,Ida Medchal,Ida Medchal,17.61189,78.487405
57809,Cmr College,Cmr College,17.604,78.490952
57810,Kandlakoya,Kandlakoya,17.591473,78.493118
57811,Damber Factory,Damber Factory,17.57927,78.491087
57812,Gundla Pochampally,Gundla Pochampally,17.569194,78.493857
57813,Kompally Bridge,Kompally Bridge,17.564598,78.49366
57814,Kompally,Kompally,17.544299,78.492122
57815,Doolapally X Road,Doolapally X Road,17.5401,78.490931
57816,Poultry Farm (Cineplanet Kompally),Poultry Farm (Cineplanet Kompally),17.528862,78.486631
57817,Prajaya Aprts - Kompally,Prajaya Aprts - Kompally,17.531005,78.487942
57818,Jeedimetla Village,Jeedimetla Village,17.508392,78.479482
57819,Suchitra X Road,Suchitra X Road,17.499658,78.477149
57820,Poultry Farm (Cineplanet Kompally),Poultry Farm (Cineplanet Kompally),17.528946,78.486261
57821,Damber Factory,Damber Factory,17.5792,78.490791
57822,Secunderabad,Secunderabad,17.436006,78.500051
57823,Nagarjuna Circle,Nagarjuna Circle,17.427105,78.444813
57824,Tv9 Office,Tv9 Office,17.426854,78.439717
57825,Lv Prasad Eye Hospital,Lv Prasad Eye Hospital,17.4235,78.4274
57826,Annapurna Studio,Annapurna Studio,17.423478,78.424956
57827,Jubilee Hills Checkpost,Jubilee Hills Checkpost,17.427611,78.414198
57828,Ushakiran Movies,Ushakiran Movies,17.429966,78.410878
57829,Peddamma Temple,Peddamma Temple,17.431783,78.406865
57830,Barkatpura Bus Depot,Barkatpura Bus Depot,17.392314,78.501152
57831,Jubilee Hills Checkpost,Jubilee Hills Checkpost,17.426135,78.418281
57832,Annapurna Studio,Annapurna Studio,17.423682,78.424896
57833,Lv Prasad Eye Hospital,Lv Prasad Eye Hospital,17.424,78.428
57834,Tv9 Office,Tv9 Office,17.426567,78.43837
57835,Nagarjuna Circle,Nagarjuna Circle,17.427253,78.445006
57836,Sr Nayak Nagar Bus Stop,Sr Nayak Nagar Bus Stop,17.532144,78.444543
57837,Apurupa Colony,Apurupa Colony,17.531826,78.449515
57838,Apurupa Colony,Apurupa Colony,17.529341,78.449235
57839,Sr Nayak Nagar Bus Stop,Sr Nayak Nagar Bus Stop,17.531913,78.444609
57840,Ida-Jeedemetla,Ida-Jeedemetla,17.529337,78.444307
57841,Chadarghat Rose Bakery,Chadarghat Rose Bakery,17.377546,78.491312
57842,Barkatpura,Barkatpura,17.394002,78.498342
57843,Dommari Pochampally,Dommari Pochampally,17.591462,78.418139
57844,Dundigal,Dundigal,17.607068,78.416295
57845,Amberpet Gandhi Statue,Amberpet Gandhi Statue,17.392702,78.519824
57846,Irani Hotel Amberpet,Irani Hotel Amberpet,17.393521,78.5222
57847,Ramanthapur Tv Studio,Ramanthapur Tv Studio,17.396713,78.52988
57848,Ramanthapur,Ramanthapur,17.397903,78.532729
57849,Ramanthapur Public School,Ramanthapur Public School,17.399196,78.536239
57850,Ramanthapur Church,Ramanthapur Church,17.401107,78.54349
57851,Modern Bakery,Modern Bakery,17.40132,78.550012
57852,Uppal X Roads,Uppal X Roads,17.401581,78.561943
57853,Uppal Gandhi Statue,Uppal Gandhi Statue,17.401523,78.566046
57854,Peerzadiguda Kaman,Peerzadiguda Kaman,17.401361,78.581573
57855,Boduppal,Boduppal,17.404896,78.587278
57856,Uppal Depot,Uppal Depot,17.405457,78.58915
57857,Medipally,Medipally,17.41,78.603
57858,Medipally,Medipally,17.410035,78.603562
57859,Uppal Depot,Uppal Depot,17.405392,78.589495
57860,Peerzadiguda Kaman,Peerzadiguda Kaman,17.401239,78.581602
57861,Uppal Bus Stop,Uppal Bus Stop,17.401466,78.571
57862,Uppal Gandhi Statue,Uppal Gandhi Statue,17.40142,78.565805
57863,Uppal X Roads,Uppal X Roads,17.40143,78.56091
57864,Modern Bakery,Modern Bakery,17.40122,78.550025
57865,Ramanthapur Church,Ramanthapur Church,17.401,78.544
57866,Ramanthapur Public School,Ramanthapur Public School,17.399464,78.537794
57867,Ramanthapur,Ramanthapur,17.397217,78.531582
57868,Polytechnic College-Ramanthapur,Polytechnic College-Ramanthapur,17.395348,78.52691
57869,Irani Hotel Amberpet,Irani Hotel Amberpet,17.393276,78.521894
57870,Amberpet Gandhi Statue,Amberpet Gandhi Statue,17.392392,78.51941
57871,Amberpet,Amberpet,17.392134,78.516779
57872,Tilak Nagar,Tilak Nagar,17.394112,78.508609
57873,Barkatpura,Barkatpura,17.395,78.498
57874,Narayanaguda,Narayanaguda,17.400258,78.490071
57875,Himayath Nagar,Himayath Nagar,17.402476,78.48328
57876,In Bar,In Bar,17.405226,78.480025
57877,Liberty,Liberty,17.406412,78.477931
57878,In Bar,In Bar,17.405346,78.480028
57879,Himayath Nagar,Himayath Nagar,17.403383,78.482519
57880,Narayanaguda,Narayanaguda,17.400175,78.490597
57881,Bagh Lingampally,Bagh Lingampally,17.400926,78.499262
57882,Sundaraiah Park,Sundaraiah Park,17.39723,78.497231
57883,Amberpet,Amberpet,17.392241,78.516642
57884,Kachiguda Kamela,Kachiguda Kamela,17.388068,78.503006
57885,Virat Nagar,Virat Nagar,17.397932,78.405
57886,7 Tombs,7 Tombs,17.398029,78.400337
57887,Shaikpet,Shaikpet,17.402402,78.380463
57888,Vinayak Nagar-Puppalguda,Vinayak Nagar-Puppalguda,17.400882,78.367125
57889,Govt Head Quarters,Govt Head Quarters,17.39983,78.364995
57890,Andhra Bank-Kalanagar,Andhra Bank-Kalanagar,17.397683,78.364951
57891,Puppalguda,Puppalguda,17.395774,78.363184
57892,Narsinghi,Narsinghi,17.384231,78.361421
57893,Manchirevula X Road,Manchirevula X Road,17.385314,78.355665
57894,Manchirevula X Road,Manchirevula X Road,17.385464,78.355481
57895,Narsinghi,Narsinghi,17.390477,78.357997
57896,Puppalguda,Puppalguda,17.402114,78.373489
57897,Shaikpet,Shaikpet,17.402511,78.380551
57898,7 Tombs,7 Tombs,17.397522,78.400698
57899,Virat Nagar,Virat Nagar,17.397995,78.405148
57900,Adikmet,Adikmet,17.407657,78.513397
57901,Ladies Hostel-Osmania University,Ladies Hostel-Osmania University,17.414086,78.521565
57902,Manikeshwari Nagar,Manikeshwari Nagar,17.420714,78.52468
57903,Tarnaka,Tarnaka,17.426442,78.530393
57904,Sundaraiah Park,Sundaraiah Park,17.397129,78.497009
57905,Bagh Lingampally,Bagh Lingampally,17.401114,78.499373
57906,Vst Bus Stop,Vst Bus Stop,17.404993,78.501844
57907,Koti,Koti,17.38273,78.482434
57908,Tarnaka,Tarnaka,17.427696,78.531895
57909,St.Anns-Tarnaka,St.Anns-Tarnaka,17.431089,78.535297
57910,Lalapet,Lalapet,17.437534,78.544049
57911,Industrial Estate,Industrial Estate,17.448224,78.550759
57912,Zts-Moulali,Zts-Moulali,17.455869,78.556261
57913,Hb Colony Mallapur,Hb Colony Mallapur,17.454221,78.560298
57914,Play Ground-Hb Clny,Play Ground-Hb Clny,17.453167,78.565792
57915,Vasundara - Hb Colony,Vasundara - Hb Colony,17.455534,78.565813
57916,Indiranagar Moulali,Indiranagar Moulali,17.457975,78.564831
57917,Moulali,Moulali,17.462353,78.561607
57918,Sp Nagar Ecil,Sp Nagar Ecil,17.465693,78.562323
57919,Ecil X Roads,Ecil X Roads,17.47289,78.56992
57920,Kushaiguda,Kushaiguda,17.480318,78.575015
57921,Kushaiguda,Kushaiguda,17.480344,78.575185
57922,Ecil X Roads,Ecil X Roads,17.472535,78.570068
57923,Sp Nagar Ecil,Sp Nagar Ecil,17.465358,78.562422
57924,Moulali,Moulali,17.462386,78.561666
57925,Indiranagar Moulali,Indiranagar Moulali,17.457724,78.564997
57926,Vasundara - Hb Colony,Vasundara - Hb Colony,17.455746,78.565837
57927,Play Ground-Hb Clny,Play Ground-Hb Clny,17.452299,78.565517
57928,Carbide Bus Stop,Carbide Bus Stop,17.453957,78.560465
57929,Zts-Moulali,Zts-Moulali,17.455519,78.555457
57930,Industrial Estate,Industrial Estate,17.44814,78.550921
57931,Lalapet,Lalapet,17.437357,78.544136
57932,St.Anns-Tarnaka,St.Anns-Tarnaka,17.430467,78.534948
57933,Tarnaka,Tarnaka,17.427541,78.532038
57934,Tarnaka,Tarnaka,17.42594,78.53019
57935,Manikeshwari Nagar,Manikeshwari Nagar,17.420442,78.524697
57936,Ladies Hostel-Osmania University,Ladies Hostel-Osmania University,17.413733,78.521573
57937,Adikmet,Adikmet,17.407836,78.513606
57938,Vidyanagar,Vidyanagar,17.404571,78.510529
57939,Afzalgunj,Afzalgunj,17.374,78.476
57940,Yousufguda Basti,Yousufguda Basti,17.43678,78.432168
57941,Birla Mandir,Birla Mandir,17.406032,78.46715
57942,James Street,James Street,17.435501,78.488432
57943,Paradise,Paradise,17.44166,78.487562
57944,Minerva,Minerva,17.441026,78.493079
57945,Minerva,Minerva,17.440916,78.492977
57946,Paradise,Paradise,17.441136,78.487849
57947,James Street,James Street,17.435626,78.488573
57948,Secretariat Lic Bldg,Secretariat Lic Bldg,17.407964,78.473153
57949,Erragadda,Erragadda,17.456358,78.434361
57950,Sanath Nagar,Sanath Nagar,17.455432,78.447884
57951,Fathe Nagar,Fathe Nagar,17.458911,78.44985
57952,Erragadda,Erragadda,17.456112,78.434185
57953,Bible House,Bible House,17.429848,78.492535
57954,Kavadiguda,Kavadiguda,17.424837,78.489708
57955,Praga Tools,Praga Tools,17.423636,78.494227
57956,Padmashali Colony,Padmashali Colony,17.4228,78.494105
57957,P&T Colony Ashoknagar,P&T Colony Ashoknagar,17.41852,78.491179
57958,Gandhi Nagar-Kavadiguda,Gandhi Nagar-Kavadiguda,17.415596,78.489142
57959,Canara Bank Gandhi Nagar,Canara Bank Gandhi Nagar,17.412026,78.488686
57960,Ashoknagar Rtc X Rd,Ashoknagar Rtc X Rd,17.408921,78.489598
57961,Ashok Nagar Park,Ashok Nagar Park,17.406083,78.489643
57962,Himayath Nagar,Himayath Nagar,17.400977,78.488865
57963,Telugu Academy Himayat Nagar,Telugu Academy Himayat Nagar,17.399559,78.486806
57964,King Koti,King Koti,17.393593,78.48161
57965,Abids Tajmahal Hotel,Abids Tajmahal Hotel,17.392136,78.476901
57966,National Darbar,National Darbar,17.394724,78.485416
57967,Telugu Academy Himayat Nagar,Telugu Academy Himayat Nagar,17.399644,78.486615
57968,Himayath Nagar,Himayath Nagar,17.401435,78.4889
57969,Ashok Nagar Park,Ashok Nagar Park,17.406532,78.489666
57970,Ashoknagar Rtc X Rd,Ashoknagar Rtc X Rd,17.409376,78.489499
57971,Canara Bank Gandhi Nagar,Canara Bank Gandhi Nagar,17.411886,78.48864
57972,Gandhi Nagar-Kavadiguda,Gandhi Nagar-Kavadiguda,17.415839,78.489148
57973,Padmashali Colony,Padmashali Colony,17.422143,78.493601
57974,Praga Tools,Praga Tools,17.423571,78.494058
57975,Bible House,Bible House,17.430002,78.492513
57976,King Koti,King Koti,17.394041,78.48386
57977,Manda Mallama 'X' Rds,Manda Mallama 'X' Rds,17.339383,78.523831
57978,Vijaya Durga Colony,Vijaya Durga Colony,17.335036,78.526111
57979,Jillelguda,Jillelguda,17.33098,78.526119
57980,Lalitha Nagar X Road,Lalitha Nagar X Road,17.328,78.526
57981,Meerpet X Road,Meerpet X Road,17.322938,78.527867
57982,Meerpet Swimming Pool,Meerpet Swimming Pool,17.319,78.53
57983,Prashanti Hills,Prashanti Hills,17.316485,78.532832
57984,Almasguda,Almasguda,17.309955,78.531494
57985,Almasguda,Almasguda,17.309053,78.533204
57986,Ysr Colony-Badangpet,Ysr Colony-Badangpet,17.308214,78.534034
57987,Rajivgruhakalpa Bus Stop,Rajivgruhakalpa Bus Stop,17.297639,78.538876
57988,Srisri Homes,Srisri Homes,17.297052,78.548187
57989,Almasguda,Almasguda,17.310589,78.531448
57990,Prashanti Hills,Prashanti Hills,17.316647,78.53283
57991,Jillelguda,Jillelguda,17.330971,78.526136
57992,Vijaya Durga Colony,Vijaya Durga Colony,17.334981,78.526129
57993,Champapet Gandhi Statue,Champapet Gandhi Statue,17.343982,78.515275
57994,Champapet,Champapet,17.348344,78.515194
57995,Champapet Gandhi Statue,Champapet Gandhi Statue,17.344048,78.515384
57996,Meerpet Swimming Pool,Meerpet Swimming Pool,17.319755,78.529592
57997,Appa Junction,Appa Junction,17.350935,78.358017
57998,Golden Farms,Golden Farms,17.35369,78.342103
57999,Osman Sagar X Rd,Osman Sagar X Rd,17.353101,78.330885
58000,Aziz Nagar X Roads,Aziz Nagar X Roads,17.344141,78.324816
58001,Himayathnagar X Road,Himayathnagar X Road,17.338633,78.311907
58002,Jbiet College Amdapur X Road Bus Stop,Jbiet College Amdapur X Road Bus Stop,17.331407,78.297205
58003,Decent Poultry,Decent Poultry,17.331073,78.293134
58004,Moinabad Bus Stop,Moinabad Bus Stop,17.328394,78.272705
58005,Moinabad Bus Stop,Moinabad Bus Stop,17.328963,78.27318
58006,Decent Poultry,Decent Poultry,17.331272,78.293155
58007,Jbiet College Amdapur X Road Bus Stop,Jbiet College Amdapur X Road Bus Stop,17.331622,78.297383
58008,Himayathnagar X Road,Himayathnagar X Road,17.338777,78.311993
58009,Aziz Nagar X Roads,Aziz Nagar X Roads,17.344189,78.324658
58010,Osman Sagar X Rd,Osman Sagar X Rd,17.353197,78.330556
58011,Golden Farms,Golden Farms,17.353754,78.342071
58012,Appa Junction,Appa Junction,17.350843,78.358307
58013,Himayathnagar X Road,Himayathnagar X Road,17.339313,78.311199
58014,Himayathnagar Village,Himayathnagar Village,17.342901,78.308216
58015,Residential School-Chilkur Balaji,Residential School-Chilkur Balaji,17.347658,78.299925
58016,Chilkur Balaji Temple,Chilkur Balaji Temple,17.357105,78.299909
58017,Residential School-Chilkur Balaji,Residential School-Chilkur Balaji,17.347786,78.299984
58018,Himayathnagar Village,Himayathnagar Village,17.342598,78.30895
58019,Md Lines,Md Lines,17.392006,78.417122
58020,Moti Darwaza,Moti Darwaza,17.384731,78.410445
58021,Hmt Nagar Nacharam,Hmt Nagar Nacharam,17.42444,78.547314
58022,Nacharam,Nacharam,17.428082,78.550943
58023,Nacharam X Road,Nacharam X Road,17.433636,78.554459
58024,Delhi Tubes Nacharam,Delhi Tubes Nacharam,17.4383,78.558339
58025,Janapriya - Mallapur,Janapriya - Mallapur,17.441773,78.565282
58026,Mallapur,Mallapur,17.445488,78.567406
58027,Noma Function Hall Nacharam,Noma Function Hall Nacharam,17.447195,78.571998
58028,Nfc X Roads,Nfc X Roads,17.448494,78.575339
58029,Play Ground-Hb Clny,Play Ground-Hb Clny,17.452246,78.56628
58030,Nfc X Roads,Nfc X Roads,17.448265,78.57539
58031,Noma Function Hall Nacharam,Noma Function Hall Nacharam,17.446985,78.572282
58032,Mallapur,Mallapur,17.444833,78.56735
58033,Janapriya - Mallapur,Janapriya - Mallapur,17.442149,78.566088
58034,Delhi Tubes Nacharam,Delhi Tubes Nacharam,17.438099,78.558231
58035,Nacharam X Road,Nacharam X Road,17.433125,78.554644
58036,Nacharam,Nacharam,17.427835,78.550933
58037,Hmt Nagar Nacharam,Hmt Nagar Nacharam,17.424029,78.547171
58038,Sudharshan Theatre,Sudharshan Theatre,17.407241,78.495032
58039,Vivekananda Nagar Clny,Vivekananda Nagar Clny,17.493644,78.41043
58040,Allwyn Colony Phase 1,Allwyn Colony Phase 1,17.501999,78.418889
58041,Jagadgiri Gutta,Jagadgiri Gutta,17.502041,78.426142
58042,Unknown,UNKNOWN,17.301989,78.538159
58043,Unknown,UNKNOWN,17.302131,78.537964
58044,Balapur 'X' Rds,Balapur 'X' Rds,17.317911,78.518375
58045,Bjp Quarters,Bjp Quarters,17.325774,78.519696
58046,Uppal X Roads,Uppal X Roads,17.40204,78.559576
58047,Hcl X Roads,Hcl X Roads,17.455258,78.58137
58048,Ecil Factory,Ecil Factory,17.467247,78.573892
58049,Nagaram Ecil,Nagaram Ecil,17.487852,78.600824
58050,Rampally X Rds,Rampally X Rds,17.493903,78.605566
58051,Bandlaguda Village,Bandlaguda Village,17.501472,78.622909
58052,Cheeryal X Road,Cheeryal X Road,17.507051,78.627702
58053,Cheryal,Cheryal,17.517728,78.627
58054,Yadgarpalle East,Yadgarpalle East,17.547731,78.632589
58055,Drdo,Drdo,17.567595,78.629
58056,Yadgarpalle East,Yadgarpalle East,17.547624,78.632509
58057,Cheeryal X Road,Cheeryal X Road,17.506762,78.627911
58058,Bandlaguda Village,Bandlaguda Village,17.501385,78.623078
58059,Rampally X Rds,Rampally X Rds,17.493624,78.605413
58060,Hcl X Roads,Hcl X Roads,17.455244,78.581474
58061,Hmt Nagar Nacharam,Hmt Nagar Nacharam,17.423643,78.546794
58062,Ngri,Ngri,17.41544,78.545873
58063,Rice Mill,Rice Mill,17.267066,78.539296
58064,Chanakyapuri Adibatla,Chanakyapuri Adibatla,17.242832,78.540007
58065,Adibatla,Adibatla,17.232861,78.542453
58066,Kongara,Kongara,17.213219,78.546667
58067,Kongara Kalan Village,Kongara Kalan Village,17.199939,78.550564
58068,Unknown,UNKNOWN,17.207229,78.534222
58069,Wonderla X Road,Wonderla X Road,17.212532,78.526593
58070,Wonderla,Wonderla,17.216851,78.527698
58071,Wonderla X Road,Wonderla X Road,17.211784,78.528696
58072,Unknown,UNKNOWN,17.207377,78.534211
58073,Chanakyapuri Adibatla,Chanakyapuri Adibatla,17.242961,78.539961
58074,Rice Mill,Rice Mill,17.267092,78.5392
58075,Shiva Narayana Puram,Shiva Narayana Puram,17.303958,78.529766
58076,Unknown,UNKNOWN,17.256461,78.382125
58077,Unknown,UNKNOWN,17.296471,78.379981
58078,Unknown,UNKNOWN,17.479163,78.246942
58079,Durga Nagar-Aramghar,Durga Nagar-Aramghar,17.317994,78.437256
58080,Unknown,UNKNOWN,17.540286,78.23355
58081,Unknown,UNKNOWN,17.25658,78.381843
58082,Pisal Banda,Pisal Banda,17.340513,78.50237
58083,Chandrayangutta,Chandrayangutta,17.326036,78.477257
58084,Sadat Nagar,Sadat Nagar,17.292418,78.473771
58085,Jalpally X Rd,Jalpally X Rd,17.283118,78.471831
58086,Pahadi Shareef,Pahadi Shareef,17.271089,78.474293
58087,Sheep Farm,Sheep Farm,17.257201,78.475524
58088,Sardar Nagar,Sardar Nagar,17.2323,78.473279
58089,Tukkuguda,Tukkuguda,17.208974,78.476849
58090,Imamguda-Mhrm,Imamguda-Mhrm,17.19279,78.475178
58091,Maheshwaram Gate,Maheshwaram Gate,17.178935,78.473829
58092,Lemur X Roads,Lemur X Roads,17.164313,78.476833
58093,Thummaloor,Thummaloor,17.13243,78.477867
58094,Rachloor-Kandukur,Rachloor-Kandukur,17.124423,78.477111
58095,Gudur Gate,Gudur Gate,17.092193,78.474575
58096,Kandukur X Roads,Kandukur X Roads,17.072852,78.47401
58097,Nedunur X Road Bus Stop,Nedunur X Road Bus Stop,17.055896,78.473351
58098,Debbdaguda X Road,Debbdaguda X Road,17.025046,78.492289
58099,Unknown,UNKNOWN,17.022057,78.49409
58100,Mucherla X Road,Mucherla X Road,17.009899,78.498006
58101,Kadthal-Amangal,Kadthal-Amangal,16.985662,78.501802
58102,Kadthal Toll,Kadthal Toll,16.970514,78.507829
58103,Maisigandi,Maisigandi,16.954444,78.517282
58104,Karkalpahad,Karkalpahad,16.925585,78.527345
58105,Konapur-Amangal,Konapur-Amangal,16.901667,78.530772
58106,Vithaipalle,Vithaipalle,16.883327,78.529167
58107,Amangal,Amangal,16.849424,78.530366
58108,Amangal,Amangal,16.849224,78.530054
58109,Vithaipalle,Vithaipalle,16.877634,78.529136
58110,Konapur-Amangal,Konapur-Amangal,16.901698,78.530747
58111,Karkalpahad,Karkalpahad,16.925655,78.527278
58112,Maisigandi,Maisigandi,16.953968,78.517628
58113,Kadthal Toll,Kadthal Toll,16.970404,78.50755
58114,Kadthal-Amangal,Kadthal-Amangal,16.977606,78.504223
58115,Unknown,UNKNOWN,17.02198,78.494058
58116,Debbdaguda X Road,Debbdaguda X Road,17.02497,78.49224
58117,Nedunur X Road Bus Stop,Nedunur X Road Bus Stop,17.056204,78.473197
58118,Kandukur X Roads,Kandukur X Roads,17.073003,78.473856
58119,Gudur Gate,Gudur Gate,17.092283,78.474478
58120,Thummaloor,Thummaloor,17.132573,78.477691
58121,Lemur X Roads,Lemur X Roads,17.163939,78.477048
58122,Maheshwaram Gate,Maheshwaram Gate,17.178878,78.473666
58123,Imamguda-Mhrm,Imamguda-Mhrm,17.192,78.475
58124,Tukkuguda,Tukkuguda,17.209459,78.476682
58125,Sheep Farm,Sheep Farm,17.247169,78.473612
58126,Pahadi Shareef,Pahadi Shareef,17.270962,78.474143
58127,Jalpally X Rd,Jalpally X Rd,17.283371,78.471601
58128,Sadat Nagar,Sadat Nagar,17.292424,78.47368
58129,Jangareddy Pally-Amangal,Jangareddy Pally-Amangal,16.848966,78.556902
58130,Akuthotapalle,Akuthotapalle,16.870966,78.601084
58131,Aurpally,Aurpally,16.864943,78.616201
58132,Nalluripally,Nalluripally,16.850394,78.624634
58133,Nalluripally,Nalluripally,16.847,78.626
58134,Akuthotapalle,Akuthotapalle,16.870898,78.601223
58135,Madannapet,Madannapet,17.358047,78.505147
58136,Sardar Nagar,Sardar Nagar,17.231873,78.473582
58137,Hayathnagar Bus Depot,Hayathnagar Bus Depot,17.325424,78.593402
58138,Panama Godowns,Panama Godowns,17.337315,78.569916
58139,Ganesh Temple-Vanastalipuram,Ganesh Temple-Vanastalipuram,17.331417,78.569354
58140,Red Tank,Red Tank,17.32905,78.569024
58141,Govt Hospital-Bn Reddy Nagar,Govt Hospital-Bn Reddy Nagar,17.329326,78.565885
58142,Ngo'S Colony Bus Stop,Ngo'S Colony Bus Stop,17.324912,78.566494
58143,Govt Hospital-Bn Reddy Nagar,Govt Hospital-Bn Reddy Nagar,17.329362,78.565852
58144,Red Tank,Red Tank,17.32916,78.569005
58145,Ganesh Temple-Vanastalipuram,Ganesh Temple-Vanastalipuram,17.331242,78.569187
58146,Vaidehi Nagar,Vaidehi Nagar,17.321179,78.565196
58147,Vaidehi Nagar,Vaidehi Nagar,17.321079,78.569552
58148,Shiva Sindhu Public School,Shiva Sindhu Public School,17.321245,78.572196
58149,Gouthami Nagar-Hayathnagar,Gouthami Nagar-Hayathnagar,17.324932,78.571775
58150,Raithu Bazar-Vsp,Raithu Bazar-Vsp,17.330499,78.575157
58151,Vanasthalipuram Complex,Vanasthalipuram Complex,17.330719,78.572966
58152,Panama Godowns,Panama Godowns,17.337969,78.569882
58153,Jana Priya Apartment-Erragadda,Jana Priya Apartment-Erragadda,17.457023,78.428674
58154,Jana Priya Apartment-Erragadda,Jana Priya Apartment-Erragadda,17.457141,78.428649
58155,Rajeev Gandhi Nagar/Sai Nagar Bus Stop,Rajeev Gandhi Nagar/Sai Nagar Bus Stop,17.359919,78.557588
58156,Rajeev Gandhi Nagar/Sai Nagar Bus Stop,Rajeev Gandhi Nagar/Sai Nagar Bus Stop,17.359659,78.557814
58157,Iiit,Iiit,17.444325,78.351854
58158,Infosys,Infosys,17.437043,78.347696
58159,Wipro Circle,Wipro Circle,17.427624,78.341786
58160,Icici Junction,Icici Junction,17.421818,78.338049
58161,Infotech,Infotech,17.420333,78.33709
58162,Waverock,Waverock,17.419155,78.347272
58163,Ganesh Temple-Vanasthalipuram,Ganesh Temple-Vanasthalipuram,17.331802,78.569249
58164,Vanasthalipuram,Vanasthalipuram,17.331361,78.572897
58165,Raithu Bazar-Vsp,Raithu Bazar-Vsp,17.330605,78.575624
58166,Kamala Nagar-Vanasthalipuram,Kamala Nagar-Vanasthalipuram,17.329893,78.578941
58167,Subhadra Nagar,Subhadra Nagar,17.328913,78.583341
58168,Sharada Nagar-Hayathnagar,Sharada Nagar-Hayathnagar,17.329456,78.585632
58169,Shanthi Nagar-Vanastalipuram,Shanthi Nagar-Vanastalipuram,17.328206,78.587539
58170,Narsimharao Nagar-Hayathnagar,Narsimharao Nagar-Hayathnagar,17.325108,78.587221
58171,Sama Nagar,Sama Nagar,17.322198,78.589379
58172,Sai Baba Temple-Rk Nagar,Sai Baba Temple-Rk Nagar,17.321931,78.592908
58173,Sai Nagar Colony-Hayathnagar,Sai Nagar Colony-Hayathnagar,17.318009,78.592758
58174,Mudhiraj Colony-Hayathnagar,Mudhiraj Colony-Hayathnagar,17.317544,78.592903
58175,Sai Nagar Colony-Hayathnagar,Sai Nagar Colony-Hayathnagar,17.317737,78.592868
58176,Sai Baba Temple-Rk Nagar,Sai Baba Temple-Rk Nagar,17.322031,78.592871
58177,Sama Nagar,Sama Nagar,17.322314,78.58918
58178,Narsimharao Nagar-Hayathnagar,Narsimharao Nagar-Hayathnagar,17.325164,78.587199
58179,Sharada Nagar-Hayathnagar,Sharada Nagar-Hayathnagar,17.328195,78.585076
58180,Subhadra Nagar,Subhadra Nagar,17.32883,78.583419
58181,Kamala Nagar-Vanasthalipuram,Kamala Nagar-Vanasthalipuram,17.329826,78.579036
58182,Raithu Bazar-Vsp,Raithu Bazar-Vsp,17.3303,78.5755
58183,Gouthami Nagar-Hayathnagar,Gouthami Nagar-Hayathnagar,17.324871,78.57188
58184,Saheb Nagar Kalan,Saheb Nagar Kalan,17.321673,78.575989
58185,Saheb Nagar Kalan,Saheb Nagar Kalan,17.321621,78.575968
58186,Infotech,Infotech,17.420328,78.336991
58187,Icici Junction,Icici Junction,17.422299,78.338208
58188,Wipro Circle,Wipro Circle,17.426194,78.340652
58189,Infosys,Infosys,17.437412,78.347575
58190,Paradise,Paradise,17.445048,78.487063
58191,Cto,Cto,17.450395,78.486661
58192,Race Course-Sec Bad,Race Course-Sec Bad,17.451307,78.48622
58193,Tadbund,Tadbund,17.456463,78.484263
58194,Ashish Garden Bus Stop,Ashish Garden Bus Stop,17.457559,78.478017
58195,Bowenpally,Bowenpally,17.46519,78.472662
58196,Bowenpally Checkpost,Bowenpally Checkpost,17.475877,78.473711
58197,Nandamuri Nagar,Nandamuri Nagar,17.480132,78.472971
58198,Dairy Farm-Bowinpally,Dairy Farm-Bowinpally,17.487331,78.473372
58199,Balaji Hospital Kompalli,Balaji Hospital Kompalli,17.51858,78.481627
58200,Prajaya Aprts - Kompally,Prajaya Aprts - Kompally,17.531881,78.488056
58201,Kirloskar,Kirloskar,17.60083,78.492036
58202,Kirloskar,Kirloskar,17.600908,78.492216
58203,Prestige Park Gundlapochampally,Prestige Park Gundlapochampally,17.576678,78.491757
58204,Ncl North Avenue,Ncl North Avenue,17.525985,78.484684
58205,Balaji Hospital Kompalli,Balaji Hospital Kompalli,17.518792,78.481977
58206,Angadipet,Angadipet,17.513801,78.479805
58207,Dairy Farm-Bowinpally,Dairy Farm-Bowinpally,17.486814,78.473437
58208,Nandamuri Nagar,Nandamuri Nagar,17.480147,78.473539
58209,Bowenpally Checkpost,Bowenpally Checkpost,17.475889,78.473915
58210,Bowenpally,Bowenpally,17.465177,78.472888
58211,Ashish Garden Bus Stop,Ashish Garden Bus Stop,17.457236,78.478453
58212,Tadbund,Tadbund,17.456487,78.483953
58213,Cto,Cto,17.450473,78.486891
58214,Paradise,Paradise,17.443503,78.488141
58215,Patny,Patny,17.443247,78.4949
58216,Ymca Secunderabad,Ymca Secunderabad,17.441944,78.498779
58217,Sathsang,Sathsang,17.330028,78.28012
58218,Ayaan College,Ayaan College,17.31438,78.256697
58219,Kanakamamidi,Kanakamamidi,17.313231,78.248918
58220,Kethireddy Pally X Road,Kethireddy Pally X Road,17.310191,78.228892
58221,Appareddyguda X Road,Appareddyguda X Road,17.310196,78.223764
58222,Tholkatta X Roads,Tholkatta X Roads,17.313456,78.216919
58223,Mudimyal,Mudimyal,17.31948,78.208958
58224,Kandawada X Road,Kandawada X Road,17.307182,78.182375
58225,Malkapur Chevella,Malkapur Chevella,17.312,78.172
58226,Kesavaram-Chevella,Kesavaram-Chevella,17.306384,78.16101
58227,Chevella Bus Station,Chevella Bus Station,17.313487,78.138914
58228,Kesavaram-Chevella,Kesavaram-Chevella,17.306547,78.161081
58229,Malkapur Chevella,Malkapur Chevella,17.312283,78.171973
58230,Kandawada X Road,Kandawada X Road,17.307251,78.182414
58231,Mudimyal,Mudimyal,17.319624,78.209087
58232,Kethireddy Pally X Road,Kethireddy Pally X Road,17.31026,78.229018
58233,Kanakamamidi,Kanakamamidi,17.313248,78.248792
58234,Ayaan College,Ayaan College,17.314663,78.256764
58235,Sathsang,Sathsang,17.330243,78.280147
58236,Pc Tanda,Pc Tanda,17.537118,78.24303
58237,Vivekananda Nagar Clny,Vivekananda Nagar Clny,17.493608,78.41058
58238,Sumithra Nagar-Kukatpally,Sumithra Nagar-Kukatpally,17.489,78.409
58239,Chadarghat,Chadarghat,17.382279,78.493569
58240,Gnit,Gnit,17.161952,78.660833
58241,Khanapur X Roads,Khanapur X Roads,17.17523,78.654588
58242,Bhagyalatha (Arunodaya),Bhagyalatha (Arunodaya),17.332317,78.589126
58243,Lingoji Guda-Choutuppal,Lingoji Guda-Choutuppal,17.244253,78.926814
58244,Ankireddigudem,Ankireddigudem,17.242245,78.933673
58245,Panthangi,Panthangi,17.245775,78.958228
58246,Panthangi,Panthangi,17.245678,78.958193
58247,Ankireddigudem,Ankireddigudem,17.242099,78.933635
58248,Lingoji Guda-Choutuppal,Lingoji Guda-Choutuppal,17.243832,78.926731
58249,Shiva Sindhu Public School,Shiva Sindhu Public School,17.321277,78.572261
58250,Vaidehi Nagar,Vaidehi Nagar,17.321266,78.565271
58251,Tippu Khan Bridge,Tippu Khan Bridge,17.373394,78.404403
58252,Ramdev Guda,Ramdev Guda,17.375237,78.39604
58253,Age Bar,Age Bar,17.376564,78.385818
58254,Ibrahim Bagh,Ibrahim Bagh,17.376715,78.381918
58255,Taramathi,Taramathi,17.376789,78.378914
58256,Neknapur,Neknapur,17.378945,78.369915
58257,Hanuman Temple-Neknapur,Hanuman Temple-Neknapur,17.381,78.367
58258,Kokapet X Rd,Kokapet X Rd,17.387619,78.341096
58259,Grape Garden-Gandipet,Grape Garden-Gandipet,17.386823,78.338029
58260,Gandipet X Road,Gandipet X Road,17.385,78.331
58261,Cbit,Cbit,17.393536,78.320224
58262,Cbit Hostel,Cbit Hostel,17.39625,78.311078
58263,Reddy Khanapur-Gandipet,Reddy Khanapur-Gandipet,17.397,78.302
58264,Miyakhan Gadda-Vattinagulapalle,Miyakhan Gadda-Vattinagulapalle,17.404934,78.284956
58265,Janwada X Road,Janwada X Road,17.412737,78.266765
58266,Kollur X Road,Kollur X Road,17.417774,78.249905
58267,Dontapally,Dontapally,17.418556,78.224318
58268,Indian Business School ( Ibs ),Indian Business School ( Ibs ),17.418926,78.216938
58269,Pilli Gundla Dontapalli,Pilli Gundla Dontapalli,17.422,78.21
58270,Mokila Bus Stop,Mokila Bus Stop,17.431992,78.189756
58271,Unknown,UNKNOWN,17.433873,78.185545
58272,Bulkapur,Bulkapur,17.444803,78.158787
58273,Bhanoor X Road,Bhanoor X Road,17.453,78.144
58274,Shankarpally Bus Station,Shankarpally Bus Station,17.45583,78.13135
58275,Bhanoor X Road,Bhanoor X Road,17.453335,78.14412
58276,Bulkapur,Bulkapur,17.444895,78.158887
58277,Unknown,UNKNOWN,17.433964,78.18553
58278,Mokila Bus Stop,Mokila Bus Stop,17.433466,78.186873
58279,Pilli Gundla Dontapalli,Pilli Gundla Dontapalli,17.422314,78.210243
58280,Indian Business School ( Ibs ),Indian Business School ( Ibs ),17.41876,78.217746
58281,Dontapally,Dontapally,17.41868,78.223933
58282,Kollur X Road,Kollur X Road,17.417743,78.25076
58283,Janwada X Road,Janwada X Road,17.412814,78.266875
58284,Miyakhan Gadda-Vattinagulapalle,Miyakhan Gadda-Vattinagulapalle,17.405,78.286
58285,Reddy Khanapur-Gandipet,Reddy Khanapur-Gandipet,17.397297,78.301983
58286,Cbit Hostel,Cbit Hostel,17.396275,78.311598
58287,Cbit,Cbit,17.393675,78.320267
58288,Gandipet X Road,Gandipet X Road,17.38551,78.330819
58289,Grape Garden-Gandipet,Grape Garden-Gandipet,17.387,78.338
58290,Kokapet X Rd,Kokapet X Rd,17.388022,78.341466
58291,Hanuman Temple-Neknapur,Hanuman Temple-Neknapur,17.380244,78.368378
58292,Neknapur,Neknapur,17.379,78.37
58293,Taramathi,Taramathi,17.376899,78.378934
58294,Ibrahim Bagh,Ibrahim Bagh,17.376845,78.381856
58295,Age Bar,Age Bar,17.376663,78.385859
58296,Ramdev Guda,Ramdev Guda,17.375122,78.397021
58297,Tippu Khan Bridge,Tippu Khan Bridge,17.373358,78.405114
58298,Green Land,Green Land,17.430727,78.455908
58299,Rj College,Rj College,17.435038,78.455287
58300,Hps Begumpet,Hps Begumpet,17.442799,78.458891
58301,Shyamlal Begumpet,Shyamlal Begumpet,17.444383,78.461112
58302,Shoppers Stop Begumpet,Shoppers Stop Begumpet,17.445122,78.465002
58303,Prakash Nagar Begumpet,Prakash Nagar Begumpet,17.444306,78.47153
58304,Police Lines Begumpet,Police Lines Begumpet,17.443691,78.478073
58305,Wesley College,Wesley College,17.443472,78.482053
58306,Paradise,Paradise,17.443495,78.48665
58307,Plaza,Plaza,17.443303,78.490657
58308,Sangeeth,Sangeeth,17.441168,78.505636
58309,Esi Hospital Nacharam,Esi Hospital Nacharam,17.430947,78.553245
58310,Nfc X Roads,Nfc X Roads,17.448471,78.575795
58311,Ashoknagar-Mallapur,Ashoknagar-Mallapur,17.450005,78.580829
58312,Nfc North Gate,Nfc North Gate,17.457074,78.578947
58313,Ecil Factory,Ecil Factory,17.467406,78.573886
58314,Nfc North Gate,Nfc North Gate,17.45715,78.578934
58315,Ashoknagar-Mallapur,Ashoknagar-Mallapur,17.45,78.581
58316,Esi Hospital Nacharam,Esi Hospital Nacharam,17.430826,78.553399
58317,Plaza,Plaza,17.443205,78.490119
58318,Paradise,Paradise,17.443145,78.486239
58319,Wesley College,Wesley College,17.443347,78.481931
58320,Police Lines Begumpet,Police Lines Begumpet,17.443651,78.474993
58321,Prakash Nagar Begumpet,Prakash Nagar Begumpet,17.443992,78.471394
58322,Shoppers Stop Begumpet,Shoppers Stop Begumpet,17.44484,78.464904
58323,Shyamlal Begumpet,Shyamlal Begumpet,17.44421,78.461728
58324,Hps Begumpet,Hps Begumpet,17.442555,78.459278
58325,Rj College,Rj College,17.434999,78.455579
58326,Mehdipatnam,Mehdipatnam,17.393915,78.442412
58327,Shanthi Nagar-Vanastalipuram,Shanthi Nagar-Vanastalipuram,17.329319,78.587536
58328,Nanakramguda,Nanakramguda,17.419286,78.358024
58329,Shivam,Shivam,17.405366,78.515398
58330,Ramakrishna Mutt,Ramakrishna Mutt,17.411309,78.482715
58331,Lakdikapool,Lakdikapool,17.403803,78.464846
58332,Nanakramguda,Nanakramguda,17.419481,78.354516
58333,Ramakrishna Mutt,Ramakrishna Mutt,17.411683,78.482029
58334,6 Number,6 Number,17.391177,78.510779
58335,Karmika-Nagar,Karmika-Nagar,17.44426,78.424113
58336,Kalyan Nagar,Kalyan Nagar,17.451056,78.422875
58337,Chilkur Quarters,Chilkur Quarters,17.343958,78.295348
58338,Chilkur Balaji Temple Rd,Chilkur Balaji Temple Rd,17.34793,78.288888
58339,Appojiguda X Road,Appojiguda X Road,17.360656,78.273224
58340,Chandanagar-Moinabad,Chandanagar-Moinabad,17.36673,78.258912
58341,Chandanagar-Moinabad,Chandanagar-Moinabad,17.373857,78.261328
58342,Reddipalle-Moinabad,Reddipalle-Moinabad,17.373108,78.246205
58343,Mothukupalle-Moinabad,Mothukupalle-Moinabad,17.380585,78.237591
58344,Chinna Mangalaram,Chinna Mangalaram,17.390721,78.227017
58345,Mothukupalle-Moinabad,Mothukupalle-Moinabad,17.380649,78.237655
58346,Chandanagar-Moinabad,Chandanagar-Moinabad,17.366713,78.259067
58347,Appojiguda,Appojiguda,17.371733,78.275527
58348,Rallaguda,Rallaguda,17.265,78.374106
58349,Doddi,Doddi,17.263974,78.368681
58350,Oasis School Of Excellence,Oasis School Of Excellence,17.262143,78.352709
58351,Narkhoda,Narkhoda,17.258,78.335
58352,Sultanpally X Roads,Sultanpally X Roads,17.256247,78.319441
58353,Vardhaman Clg,Vardhaman Clg,17.254,78.308
58354,Kacharam,Kacharam,17.252,78.295
58355,Rayannaguda,Rayannaguda,17.252,78.29
58356,Malkaram,Malkaram,17.251,78.276
58357,Kavelliguda,Kavelliguda,17.247435,78.256935
58358,Venkatapur-Moinabad,Venkatapur-Moinabad,17.247025,78.253786
58359,Ramanujapur-Shamshabad,Ramanujapur-Shamshabad,17.233463,78.246962
58360,Maddur,Maddur,17.217,78.226
58361,Unknown,UNKNOWN,17.218902,78.2127
58362,Hayathabad,Hayathabad,17.225,78.199
58363,Unknown,UNKNOWN,17.225745,78.185956
58364,Chandanvelly,Chandanvelly,17.229,78.17
58365,Rudraram-Shabad,Rudraram-Shabad,17.235364,78.15794
58366,Nagarguda,Nagarguda,17.234008,78.136285
58367,Allwada,Allwada,17.254714,78.136433
58368,Kamena,Kamena,17.299,78.146
58369,Malreddyguda,Malreddyguda,17.304055,78.146098
58370,Malreddyguda,Malreddyguda,17.303968,78.146208
58371,Allwada,Allwada,17.254697,78.136552
58372,Nagarguda,Nagarguda,17.23401,78.136408
58373,Rudraram-Shabad,Rudraram-Shabad,17.235472,78.158069
58374,Unknown,UNKNOWN,17.226049,78.185964
58375,Hayathabad,Hayathabad,17.225,78.2
58376,Unknown,UNKNOWN,17.218999,78.212764
58377,Ramanujapur-Shamshabad,Ramanujapur-Shamshabad,17.232689,78.24656
58378,Venkatapur-Moinabad,Venkatapur-Moinabad,17.247076,78.253716
58379,Kavelliguda,Kavelliguda,17.247672,78.256856
58380,Rayannaguda,Rayannaguda,17.252712,78.290205
58381,Vardhaman Clg,Vardhaman Clg,17.254413,78.307897
58382,Kavelliguda,Kavelliguda,17.256492,78.31943
58383,Doddi,Doddi,17.263685,78.368075
58384,Rallaguda,Rallaguda,17.265035,78.374209
58385,Rethibowli,Rethibowli,17.396058,78.431656
58386,Mbnr New Town,Mbnr New Town,17.374945,78.553442
58387,Mohan Nagar - Dsnr,Mohan Nagar - Dsnr,17.373811,78.549946
58388,Commercial Tax Colony,Commercial Tax Colony,17.373033,78.547608
58389,Sbi Colony Kothapet,Sbi Colony Kothapet,17.372043,78.543135
58390,Annamacharya College,Annamacharya College,17.303444,78.734889
58391,Mount Opera,Mount Opera,17.306361,78.719611
58392,Shamshabad,Shamshabad,17.264461,78.391338
58393,Thondupally-Shamshabad,Thondupally-Shamshabad,17.249628,78.375134
58394,Gachibowli,Gachibowli,17.438217,78.36351
58395,Thondupally-Shamshabad,Thondupally-Shamshabad,17.2545,78.380295
58396,Rajendranagar,Rajendranagar,17.321896,78.402101
58397,Police Academy-Tspa Junction,Police Academy-Tspa Junction,17.350687,78.358124
58398,Gachibowli,Gachibowli,17.439663,78.363563
58399,Narsingi X Roads,Narsingi X Roads,17.4002,78.3531
58400,Narsinghi,Narsinghi,17.387764,78.357217
58401,Himayath Sagar,Himayath Sagar,17.339066,78.36212
58402,Himayath Sagar,Himayath Sagar,17.325404,78.374866
58403,Walanthari,Walanthari,17.3231,78.3819
58404,Rajendranagar,Rajendranagar,17.322014,78.401694
58405,Budvel,Budvel,17.333111,78.409494
58406,Engine Bowli,Engine Bowli,17.336612,78.464908
58407,Nice Hotel,Nice Hotel,17.32946,78.458937
58408,Vattepally,Vattepally,17.328292,78.456894
58409,Engine Bowli,Engine Bowli,17.336634,78.464801
58410,Mehdipatnam,Mehdipatnam,17.395233,78.439188
58411,Unknown,UNKNOWN,17.344059,78.462979
58412,Teegalkunta,Teegalkunta,17.333305,78.458118
58413,Boys Town School,Boys Town School,17.343466,78.466032
58414,Pool Bagh,Pool Bagh,17.342231,78.474124
58415,Rajanna Bavi,Rajanna Bavi,17.339611,78.473089
58416,Falaknuma Govt Junior College,Falaknuma Govt Junior College,17.336699,78.474562
58417,Telangana High Court,Telangana High Court,17.368538,78.473867
58418,Telangana High Court,Telangana High Court,17.370175,78.474051
58419,Darul Shifa,Darul Shifa,17.373674,78.48326
58420,Rtc Colony Champapet,Rtc Colony Champapet,17.346839,78.520205
58421,Rtc Colony Champapet,Rtc Colony Champapet,17.346737,78.520038
58422,Nandi Hills,Nandi Hills,17.315378,78.541807
58423,Nayapul,Nayapul,17.371368,78.477861
58424,Manda Mallama 'X' Rds,Manda Mallama 'X' Rds,17.337354,78.522662
58425,Manda Mallama 'X' Rds,Manda Mallama 'X' Rds,17.337673,78.522543
58426,Maruthi Nagar,Maruthi Nagar,17.373773,78.541332
58427,New Maruthi Nagar,New Maruthi Nagar,17.377022,78.543679
58428,Satya Nagar,Satya Nagar,17.381015,78.545058
58429,Huda X Rd Saroornagar,Huda X Rd Saroornagar,17.366895,78.539865
58430,Huda Colony Saroornagar,Huda Colony Saroornagar,17.362384,78.539534
58431,Victoria Memorial School,Victoria Memorial School,17.361879,78.539452
58432,Muncipal Ofc Saroornagar,Muncipal Ofc Saroornagar,17.359,78.537
58433,Saroornagar Mndl Office,Saroornagar Mndl Office,17.357273,78.536202
58434,Saroornagar,Saroornagar,17.35256,78.535462
58435,Victoria Memorial School,Victoria Memorial School,17.361936,78.539339
58436,Huda Colony Saroornagar,Huda Colony Saroornagar,17.362389,78.539433
58437,Huda X Rd Saroornagar,Huda X Rd Saroornagar,17.367435,78.539736
58438,Uppal X Roads,Uppal X Roads,17.402009,78.558984
58439,Boduppal,Boduppal,17.404746,78.58652
58440,Sunny Bakery-Boduppl,Sunny Bakery-Boduppl,17.415033,78.585098
58441,Ambedkar Statue Boduppal,Ambedkar Statue Boduppal,17.418388,78.584406
58442,Water Tank Boduppal,Water Tank Boduppal,17.41924,78.58172
58443,Indra Nagar-Boduppal,Indra Nagar-Boduppal,17.421963,78.580409
58444,Water Tank Boduppal,Water Tank Boduppal,17.419292,78.581651
58445,Ambedkar Statue Boduppal,Ambedkar Statue Boduppal,17.418217,78.584644
58446,Sunny Bakery-Boduppl,Sunny Bakery-Boduppl,17.415077,78.585189
58447,Boduppal,Boduppal,17.404614,78.586675
58448,Gandi Mysamma Temple-Abdullahpurmet,Gandi Mysamma Temple-Abdullahpurmet,17.314912,78.674643
58449,Jnnurm Colony,Jnnurm Colony,17.318754,78.6762
58450,Jnnurm Colony,Jnnurm Colony,17.322,78.678
58451,Gulmohar Park Colony Bus Stop,Gulmohar Park Colony Bus Stop,17.477987,78.319941
58452,Gulmohar Park Colony Bus Stop,Gulmohar Park Colony Bus Stop,17.478071,78.320164
58453,Corporate Bhavan,Corporate Bhavan,17.370546,78.589339
58454,Drf,Drf,17.38201,78.58027
58455,Jai Puri Colony,Jai Puri Colony,17.37868,78.572011
58456,Nagole X Rds,Nagole X Rds,17.376274,78.557528
58457,Jail Garden,Jail Garden,17.377272,78.492334
58458,Bandlaguda,Bandlaguda,17.378936,78.569181
58459,Jai Puri Colony,Jai Puri Colony,17.378913,78.572078
58460,Drf,Drf,17.382059,78.580157
58461,Beerapagadda,Beerapagadda,17.405936,78.563939
58462,Ganesh Nagar Church,Ganesh Nagar Church,17.410915,78.56438
58463,Adarshnagar Uppal,Adarshnagar Uppal,17.413782,78.565056
58464,Chilkanagar,Chilkanagar,17.419197,78.565056
58465,Hema Nagar-Uppal,Hema Nagar-Uppal,17.421,78.564
58466,Post Office-Nacharam,Post Office-Nacharam,17.431,78.559
58467,Ecil X Roads,Ecil X Roads,17.47206,78.571078
58468,Nacharam X Road,Nacharam X Road,17.433467,78.55521
58469,Post Office-Nacharam,Post Office-Nacharam,17.42779,78.560652
58470,Hema Nagar-Uppal,Hema Nagar-Uppal,17.421201,78.56441
58471,Chilkanagar,Chilkanagar,17.419051,78.565287
58472,Beerapagadda,Beerapagadda,17.405908,78.564016
58473,Adarshnagar Uppal,Adarshnagar Uppal,17.414009,78.564903
58474,Rci Gate,Rci Gate,17.262701,78.475943
58475,Chinthalapally,Chinthalapally,16.845178,78.495904
58476,Khanapur-Thalakondapally,Khanapur-Thalakondapally,16.854399,78.466029
58477,Venkatraopeta-Thalakondapally,Venkatraopeta-Thalakondapally,16.828979,78.452983
58478,Gattu Ippalapalle,Gattu Ippalapalle,16.797639,78.445191
58479,Unknown,UNKNOWN,16.794681,78.425034
58480,Unknown,UNKNOWN,16.786854,78.406785
58481,Bommarasipalle,Bommarasipalle,16.782047,78.4023
58482,Unknown,UNKNOWN,16.772966,78.398448
58483,Ramreddipalle-Urkonda,Ramreddipalle-Urkonda,16.763413,78.391579
58484,Unknown,UNKNOWN,16.773028,78.39833
58485,Unknown,UNKNOWN,16.787203,78.406635
58486,Unknown,UNKNOWN,16.794849,78.424867
58487,Khanapur-Thalakondapally,Khanapur-Thalakondapally,16.855,78.464
58488,Chinthalapally,Chinthalapally,16.845229,78.496091
58489,Mohabatnagar,Mohabatnagar,17.163882,78.476967
58490,Hcl X Roads,Hcl X Roads,17.455554,78.581737
58491,Cherlapally Phase 1,Cherlapally Phase 1,17.459462,78.590559
58492,Ganesh Temple Kaman Cherlapally,Ganesh Temple Kaman Cherlapally,17.459037,78.595122
58493,Ec Nagar,Ec Nagar,17.459194,78.599043
58494,Cherlapally Railway Station,Cherlapally Railway Station,17.459041,78.604388
58495,Cherlapally,Cherlapally,17.463285,78.611455
58496,Cherlapally Railway Station,Cherlapally Railway Station,17.459303,78.604713
58497,Ganesh Temple Kaman Cherlapally,Ganesh Temple Kaman Cherlapally,17.45896,78.595199
58498,Cherlapally Phase 1,Cherlapally Phase 1,17.459423,78.590714
58499,Patny,Patny,17.443111,78.498888
58500,Paryatak Bhavan,Paryatak Bhavan,17.433866,78.455767
58501,Khajaguda X Rd,Khajaguda X Rd,17.42247,78.381806
58502,Lanco Hills,Lanco Hills,17.418,78.3703
58503,Khajaguda,Khajaguda,17.417876,78.367308
58504,Q City,Q City,17.426609,78.331531
58505,Gowli Doddi,Gowli Doddi,17.429862,78.32432
58506,Unknown,UNKNOWN,17.439393,78.31486
58507,Gopanpally X Roads,Gopanpally X Roads,17.44612,78.306939
58508,Gopanpally,Gopanpally,17.453253,78.306169
58509,Aparna Aparments Gopanpally,Aparna Aparments Gopanpally,17.462066,78.308138
58510,Citizen Hospital,Citizen Hospital,17.470177,78.309861
58511,Nallagandla,Nallagandla,17.477681,78.306891
58512,Nallagandla,Nallagandla,17.477495,78.30722
58513,Citizen Hospital,Citizen Hospital,17.470347,78.30998
58514,Aparna Aparments Gopanpally,Aparna Aparments Gopanpally,17.461928,78.308272
58515,Gopanpally,Gopanpally,17.453365,78.30632
58516,Unknown,UNKNOWN,17.43947,78.315032
58517,Gopanpally X Roads,Gopanpally X Roads,17.445894,78.307499
58518,Gowli Doddi,Gowli Doddi,17.429737,78.324675
58519,Q City,Q City,17.426713,78.331562
58520,Nanakramguda,Nanakramguda,17.419496,78.354864
58521,Lanco Hills,Lanco Hills,17.418248,78.370473
58522,Post Office-Nacharam,Post Office-Nacharam,17.42801,78.5607
58523,Manikchand Company,Manikchand Company,17.436206,78.574934
58524,Mallapur,Mallapur,17.440157,78.57329
58525,Manikchand Company,Manikchand Company,17.436156,78.575014
58526,Thattiannaram,Thattiannaram,17.365,78.588
58527,Saibaba Mandir-Qutubullapur,Saibaba Mandir-Qutubullapur,17.375491,78.630052
58528,Quthubullapur Hayathnagar,Quthubullapur Hayathnagar,17.376343,78.639807
58529,Gowrelli,Gowrelli,17.374395,78.671293
58530,Gowrelli,Gowrelli,17.374242,78.671433
58531,Thimmaiguda,Thimmaiguda,17.374405,78.653012
58532,Saibaba Mandir-Qutubullapur,Saibaba Mandir-Qutubullapur,17.375209,78.630116
58533,Gowrelli,Gowrelli,17.358813,78.618692
58534,Kuntloor X Road,Kuntloor X Road,17.354,78.608
58535,Thattiannaram,Thattiannaram,17.366978,78.597925
58536,Rk Nagar-Marripalle,Rk Nagar-Marripalle,17.372,78.605
58537,Marripalle,Marripalle,17.382,78.607
58538,Rk Nagar-Marripalle,Rk Nagar-Marripalle,17.381232,78.606604
58539,Thattiannaram,Thattiannaram,17.367,78.598
58540,Kamineni Hospetal-Lb Nagar,Kamineni Hospetal-Lb Nagar,17.353082,78.555915
58541,Mansoorabad,Mansoorabad,17.35271,78.562674
58542,South End Park,South End Park,17.356911,78.566494
58543,Gsi,Gsi,17.364391,78.569992
58544,Gsi,Gsi,17.366157,78.583794
58545,Ig Mint,Ig Mint,17.471643,78.603841
58546,Unknown,UNKNOWN,17.471172,78.594743
58547,Unknown,UNKNOWN,17.471305,78.594743
58548,Laskarguda,Laskarguda,17.298,78.691
58549,Gunthapalle,Gunthapalle,17.282,78.705
58550,Avanthi Engg Clg,Avanthi Engg Clg,17.282336,78.70823
58551,Mazidpur Hayathnagar,Mazidpur Hayathnagar,17.281557,78.712835
58552,Mazidpur Hayathnagar,Mazidpur Hayathnagar,17.281785,78.712445
58553,Avanthi Engg Clg,Avanthi Engg Clg,17.28243,78.708127
58554,Majeedpur,Majeedpur,17.287678,78.693459
58555,Surmaiguda,Surmaiguda,17.292739,78.690219
58556,Laskarguda,Laskarguda,17.296939,78.691029
58557,Surmaiguda,Surmaiguda,17.29277,78.690273
58558,Majeedpur,Majeedpur,17.287699,78.693738
58559,Clock Tower-Secbad,Clock Tower-Secbad,17.443294,78.498583
58560,Mother Dairy,Mother Dairy,17.335973,78.614189
58561,Kuntloor,Kuntloor,17.341,78.626
58562,Kuntloor Y Junction,Kuntloor Y Junction,17.345262,78.631873
58563,Pasumamula,Pasumamula,17.350797,78.648959
58564,Tharamathipet X Roads,Tharamathipet X Roads,17.355067,78.671907
58565,Tharamathipet,Tharamathipet,17.356445,78.677409
58566,Gowrelly X Rds,Gowrelly X Rds,17.366,78.673
58567,Bacharam X Rds,Bacharam X Rds,17.372,78.687
58568,Bacharam,Bacharam,17.395,78.69
58569,Gowrelly X Rds,Gowrelly X Rds,17.367,78.673
58570,Tharamathipet,Tharamathipet,17.356367,78.677283
58571,Tharamathipet X Roads,Tharamathipet X Roads,17.355088,78.672066
58572,Pasumamula,Pasumamula,17.350674,78.648913
58573,Kuntloor Y Junction,Kuntloor Y Junction,17.345195,78.631851
58574,Kuntloor,Kuntloor,17.340193,78.625696
58575,Mother Dairy,Mother Dairy,17.335866,78.614154
58576,Panthangi Toll,Panthangi Toll,17.233045,78.960432
58577,Reddybai-Choutuppal,Reddybai-Choutuppal,17.229412,78.972237
58578,Gundram Palle,Gundram Palle,17.232974,78.985451
58579,Veliminedu-Chityala-Nlg,Veliminedu-Chityala-Nlg,17.229518,79.021262
58580,Veliminedu-Chityala-Nlg,Veliminedu-Chityala-Nlg,17.229095,79.021208
58581,Gundram Palle,Gundram Palle,17.23264,78.98554
58582,Reddybai-Choutuppal,Reddybai-Choutuppal,17.229185,78.972275
58583,Panthangi Toll,Panthangi Toll,17.232668,78.960428
58584,Ts Food X Rd Chilukanagar,Ts Food X Rd Chilukanagar,17.425,78.562
58585,Lb Nagar,Lb Nagar,17.343705,78.555529
58586,Toli Masjid,Toli Masjid,17.375059,78.437751
58587,Langar House Ring Road,Langar House Ring Road,17.376721,78.429213
58588,Langar House Ring Road,Langar House Ring Road,17.376811,78.429517
58589,Kala Nagar,Kala Nagar,17.338,78.646
58590,Pasumamula,Pasumamula,17.349947,78.649144
58591,Gayathri Nagar-Injapur,Gayathri Nagar-Injapur,17.313768,78.581193
58592,Venkateshwara Colony-Injapur,Venkateshwara Colony-Injapur,17.313118,78.584052
58593,Bhavani Enclave,Bhavani Enclave,17.307,78.587
58594,Injapur-Hyd,Injapur-Hyd,17.302,78.586
58595,Unknown,UNKNOWN,17.317873,78.523976
58596,Thorrur X Road,Thorrur X Road,17.329081,78.596174
58597,Hayath Nagar Village,Hayath Nagar Village,17.323,78.603
58598,Munaganur X Roads,Munaganur X Roads,17.316099,78.601937
58599,Munaganoor Hayathnagar,Munaganoor Hayathnagar,17.301103,78.609002
58600,Thorrur-Hyd,Thorrur-Hyd,17.289,78.613
58601,Unknown,UNKNOWN,17.280579,78.61486
58602,Brahmanapally,Brahmanapally,17.268237,78.617222
58603,Unknown,UNKNOWN,17.280458,78.61447
58604,Munaganur X Roads,Munaganur X Roads,17.316385,78.601593
58605,Hayath Nagar Village,Hayath Nagar Village,17.323,78.602
58606,Maruthi Nagar,Maruthi Nagar,17.373453,78.541394
58607,Saroornagar,Saroornagar,17.354704,78.532009
58608,Kuntloor Harijanawad,Kuntloor Harijanawad,17.35,78.625
58609,Unknown,UNKNOWN,17.356793,78.62915
58610,Kuntlur Rajiv Gruhakalpa,Kuntlur Rajiv Gruhakalpa,17.356,78.636
58611,Unknown,UNKNOWN,17.356417,78.6291
58612,Injapur-Hyd,Injapur-Hyd,17.301886,78.586133
58613,Bhavani Enclave,Bhavani Enclave,17.307285,78.587179
58614,Venkateshwara Colony-Injapur,Venkateshwara Colony-Injapur,17.313161,78.584079
58615,Gandicheruvu X Rds,Gandicheruvu X Rds,17.309561,78.647574
58616,Upparguda,Upparguda,17.294614,78.648344
58617,Koheda Village,Koheda Village,17.281783,78.635781
58618,Upparguda,Upparguda,17.294626,78.648264
58619,Koheda X Road-Thorrur,Koheda X Road-Thorrur,17.282933,78.642191
58620,Umar Khan Guda,Umar Khan Guda,17.272148,78.669416
58621,Sanghi Temple (Sanghi Nagar),Sanghi Temple (Sanghi Nagar),17.270703,78.677031
58622,Anajpur,Anajpur,17.270309,78.693768
58623,Anajpur,Anajpur,17.27015,78.693717
58624,Darusalam,Darusalam,17.382814,78.465289
58625,Goshamahal,Goshamahal,17.383833,78.474151
58626,Bhoiguda Kaman,Bhoiguda Kaman,17.382812,78.460428
58627,Seethrambagh,Seethrambagh,17.385167,78.458148
58628,Mallepally,Mallepally,17.389191,78.45458
58629,Asifnagar,Asifnagar,17.389873,78.451604
58630,Anajpur Pati,Anajpur Pati,17.266986,78.697419
58631,Asifnagar,Asifnagar,17.390022,78.451848
58632,Mallepally,Mallepally,17.389281,78.454889
58633,Bhoiguda Kaman,Bhoiguda Kaman,17.382904,78.460515
58634,Darusalam,Darusalam,17.383273,78.465933
58635,Unknown,UNKNOWN,17.28306,78.719741
58636,Unknown,UNKNOWN,17.278612,78.732566
58637,Peerlagudem,Peerlagudem,17.276263,78.742192
58638,Peerlagudem,Peerlagudem,17.276205,78.742243
58639,Unknown,UNKNOWN,17.283099,78.719959
58640,Fci Colony,Fci Colony,17.332573,78.561543
58641,Venkataramana Colony,Venkataramana Colony,17.333484,78.558046
58642,Rtc Colony Chintalkunta,Rtc Colony Chintalkunta,17.3377,78.558489
58643,Jahangir Nagar Colony,Jahangir Nagar Colony,17.339738,78.557018
58644,Errakunta Hyd Bus Stop,Errakunta Hyd Bus Stop,17.303634,78.474625
58645,Pahadi Shareef,Pahadi Shareef,17.271702,78.473429
58646,Jahangir Nagar Colony,Jahangir Nagar Colony,17.339783,78.55694
58647,Rtc Colony Chintalkunta,Rtc Colony Chintalkunta,17.337607,78.55837
58648,Kamla Nagar-As Rao Nagar,Kamla Nagar-As Rao Nagar,17.476488,78.567248
58649,Radhika,Radhika,17.477567,78.562285
58650,As Rao Nagar,As Rao Nagar,17.479988,78.556795
58651,Sharada Theater,Sharada Theater,17.481319,78.554545
58652,Sainikpuri,Sainikpuri,17.483185,78.550279
58653,Vayupuri Sainikpuri,Vayupuri Sainikpuri,17.483511,78.545822
58654,Neredmet X Road,Neredmet X Road,17.482025,78.537131
58655,Vajpayee Nagar,Vajpayee Nagar,17.478,78.538
58656,Neredmet,Neredmet,17.473,78.539
58657,Vinayak Nagar X Rd Safilguda,Vinayak Nagar X Rd Safilguda,17.469279,78.539034
58658,Krupa Complex Bus Stop Hyd_D,Krupa Complex Bus Stop Hyd_D,17.464843,78.538647
58659,Safilguda,Safilguda,17.460528,78.535552
58660,Anand Bagh X Roads,Anand Bagh X Roads,17.458476,78.536629
58661,Rk Nagar,Rk Nagar,17.455273,78.535555
58662,Vani Nagar Malkajgiri,Vani Nagar Malkajgiri,17.452122,78.533516
58663,Anutex,Anutex,17.450337,78.533109
58664,Malkajgiri,Malkajgiri,17.449985,78.536058
58665,Sairam Theatre Malkajgiri,Sairam Theatre Malkajgiri,17.446072,78.535603
58666,Mirjalguda,Mirjalguda,17.442079,78.532189
58667,New Bridge,New Bridge,17.439378,78.525373
58668,Mettuguda,Mettuguda,17.436202,78.52066
58669,Sanghi Temple (Sanghi Nagar),Sanghi Temple (Sanghi Nagar),17.270677,78.677183
58670,Umar Khan Guda,Umar Khan Guda,17.272035,78.669271
58671,Anajpur X Road,Anajpur X Road,17.271277,78.687032
58672,Koheda Fruit Market,Koheda Fruit Market,17.279831,78.651541
58673,Koheda X Road-Thorrur,Koheda X Road-Thorrur,17.282904,78.642084
58674,Unknown,UNKNOWN,17.285926,78.620546
58675,Thorrur X Road,Thorrur X Road,17.328384,78.596631
58676,Devalamma Nagaram,Devalamma Nagaram,17.243761,78.845631
58677,Peepal Pahad,Peepal Pahad,17.222032,78.847911
58678,Yenuganti Thanda,Yenuganti Thanda,17.196393,78.843336
58679,Mount Opera,Mount Opera,17.306829,78.719906
58680,Netaji Institute Of Engineering And Technology,Netaji Institute Of Engineering And Technology,17.307,78.767
58681,Unknown,UNKNOWN,17.318,78.776306
58682,Narayanagiri  X Rd,Narayanagiri  X Rd,17.328,78.785
58683,Swamy Ramananda,Swamy Ramananda,17.328444,78.797583
58684,Jalalpur Bus Stop,Jalalpur Bus Stop,17.332,78.801
58685,Bhoodan Pochampally,Bhoodan Pochampally,17.348514,78.820813
58686,Bhoodan Pochampally,Bhoodan Pochampally,17.348524,78.820904
58687,Jalalpur Bus Stop,Jalalpur Bus Stop,17.331994,78.801009
58688,Swamy Ramananda,Swamy Ramananda,17.328222,78.797417
58689,Narayanagiri  X Rd,Narayanagiri  X Rd,17.327863,78.785023
58690,Unknown,UNKNOWN,17.318,78.776528
58691,Netaji Institute Of Engineering And Technology,Netaji Institute Of Engineering And Technology,17.306721,78.767079
58692,New Bridge,New Bridge,17.439543,78.525307
58693,Mirjalguda,Mirjalguda,17.442259,78.532482
58694,Malkajgiri,Malkajgiri,17.450012,78.535714
58695,Anand Bagh X Roads,Anand Bagh X Roads,17.45885,78.5364
58696,Safilguda,Safilguda,17.461073,78.535606
58697,Krupa Complex Bus Stop Hyd_D,Krupa Complex Bus Stop Hyd_D,17.465126,78.538576
58698,Neredmet,Neredmet,17.474,78.538
58699,Neredmet X Road,Neredmet X Road,17.482194,78.537289
58700,Vayupuri Sainikpuri,Vayupuri Sainikpuri,17.483529,78.544791
58701,Sharada Theater,Sharada Theater,17.481609,78.554617
58702,Radhika,Radhika,17.477504,78.56307
58703,City College,City College,17.36789,78.467936
58704,Police Quarters Puranapool,Police Quarters Puranapool,17.36725,78.462955
58705,Puranapool,Puranapool,17.364919,78.457085
58706,Bahadurpura,Bahadurpura,17.356,78.455
58707,Zoo Park,Zoo Park,17.350736,78.452497
58708,Tadbund,Tadbund,17.3452,78.450808
58709,Miralam Tank,Miralam Tank,17.340863,78.450505
58710,Danamma Jhopdi,Danamma Jhopdi,17.336748,78.449378
58711,Hasan Nagar,Hasan Nagar,17.334764,78.441785
58712,Aramghar,Aramghar,17.322654,78.432874
58713,Shivarampally,Shivarampally,17.328,78.435
58714,Danamma Jhopdi,Danamma Jhopdi,17.336886,78.449391
58715,Miralam Tank,Miralam Tank,17.340968,78.450408
58716,Tadbund,Tadbund,17.345298,78.450735
58717,Zoo Park,Zoo Park,17.352375,78.45267
58718,Bahadurpura,Bahadurpura,17.356413,78.454523
58719,Puranapool,Puranapool,17.366624,78.458217
58720,Police Quarters Puranapool,Police Quarters Puranapool,17.36735,78.463068
58721,Pochampally Model School,Pochampally Model School,17.331,78.781
58722,Indriyala,Indriyala,17.387,78.872
58723,Shivareddy Gudem,Shivareddy Gudem,17.368,78.87
58724,Vanka Mamidi,Vanka Mamidi,17.362666,78.860231
58725,Unknown,UNKNOWN,17.360667,78.854167
58726,Unknown,UNKNOWN,17.360944,78.841333
58727,Revan Palle,Revan Palle,17.357,78.831
58728,Chinta Bavi-Pochampally,Chinta Bavi-Pochampally,17.361073,78.823155
58729,Mukthapur-Pochampally,Mukthapur-Pochampally,17.367,78.809
58730,Mukthapur-Pochampally,Mukthapur-Pochampally,17.358831,78.809105
58731,Pathakota Markendeyanagar,Pathakota Markendeyanagar,17.356,78.813
58732,Gayathri Nagar-Karmanghat,Gayathri Nagar-Karmanghat,17.333802,78.532065
58733,Karmanghat,Karmanghat,17.34517,78.531893
58734,Shankeshwar Mutt,Shankeshwar Mutt,17.35938,78.524272
58735,Pathakota Markendeyanagar,Pathakota Markendeyanagar,17.355953,78.813021
58736,Mukthapur-Pochampally,Mukthapur-Pochampally,17.358663,78.809223
58737,Chinta Bavi-Pochampally,Chinta Bavi-Pochampally,17.361083,78.823361
58738,Gouse Konda,Gouse Konda,17.375,78.834
58739,Bheemanpalli Pochampalle,Bheemanpalli Pochampalle,17.328,78.836
58740,Kanumukula,Kanumukula,17.331403,78.834795
58741,Unknown,UNKNOWN,17.325028,78.854806
58742,Jiblak Palle,Jiblak Palle,17.315,78.866
58743,Unknown,UNKNOWN,17.333374,78.862707
58744,Danthur,Danthur,17.339,78.878
58745,Vanka Mamidi,Vanka Mamidi,17.356,78.883
58746,Challavanigudem-Sangam,Challavanigudem-Sangam,17.358617,78.895494
58747,Dharmareddy Palle,Dharmareddy Palle,17.362,78.908
58748,Sangam,Sangam,17.362,78.933
58749,Verkat Palle,Verkat Palle,17.345,78.943
58750,Unknown,UNKNOWN,17.342444,78.955167
58751,Gokaram - Valigonda,Gokaram - Valigonda,17.34296,78.972371
58752,Unknown,UNKNOWN,17.337083,78.990639
58753,Gokaram X Roads,Gokaram X Roads,17.333607,78.997235
58754,Golle Palle,Golle Palle,17.342448,79.00963
58755,Nemili Kalawa Valigonda,Nemili Kalawa Valigonda,17.34286,79.010217
58756,Unknown,UNKNOWN,17.347694,79.016889
58757,Nagaram -Valigonda,Nagaram -Valigonda,17.357,79.029
58758,Valigonda,Valigonda,17.378921,79.017679
58759,Valigonda,Valigonda,17.378322,79.017971
58760,Nagaram -Valigonda,Nagaram -Valigonda,17.356388,79.028918
58761,Golle Palle,Golle Palle,17.342457,79.009793
58762,Gokaram X Roads,Gokaram X Roads,17.333692,78.997536
58763,Gokaram - Valigonda,Gokaram - Valigonda,17.342883,78.972425
58764,Unknown,UNKNOWN,17.342361,78.955167
58765,Sangam,Sangam,17.361323,78.931532
58766,Dharmareddy Palle,Dharmareddy Palle,17.361,78.909
58767,Challavanigudem-Sangam,Challavanigudem-Sangam,17.358467,78.895537
58768,Vanka Mamidi,Vanka Mamidi,17.357,78.883
58769,Danthur,Danthur,17.343096,78.863009
58770,Unknown,UNKNOWN,17.333345,78.862835
58771,Jiblak Palle,Jiblak Palle,17.315669,78.865313
58772,Kanumukula,Kanumukula,17.331398,78.834648
58773,Bheemanpalli Pochampalle,Bheemanpalli Pochampalle,17.327595,78.835595
58774,Bhoodan Pochampally,Bhoodan Pochampally,17.346471,78.819609
58775,Batasingaram,Batasingaram,17.30159,78.726563
58776,Rajendranagar,Rajendranagar,17.329843,78.409134
58777,Chintalmet,Chintalmet,17.35219,78.422121
58778,Mm Pahadi,Mm Pahadi,17.351,78.429
58779,Pahadi 9 Number,Pahadi 9 Number,17.355943,78.434261
58780,Ram Bagh,Ram Bagh,17.361585,78.435506
58781,Kishanbagh,Kishanbagh,17.359279,78.444024
58782,Jalwa Hotel,Jalwa Hotel,17.358253,78.448294
58783,City College,City College,17.368056,78.468145
58784,Jalwa Hotel,Jalwa Hotel,17.358196,78.448305
58785,Kishanbagh,Kishanbagh,17.359077,78.443102
58786,Ram Bagh,Ram Bagh,17.361554,78.435811
58787,Chintalmet,Chintalmet,17.35207,78.422089
58788,Unknown,UNKNOWN,17.361,78.841361
58789,Unknown,UNKNOWN,17.360778,78.854167
58790,Shivareddy Gudem,Shivareddy Gudem,17.367,78.871
58791,Indriyala,Indriyala,17.386655,78.870469
58792,Unknown,UNKNOWN,17.270631,78.52786
58793,Kurmalguda-Nadargul,Kurmalguda-Nadargul,17.267194,78.519059
58794,Indranagar-Nadargul,Indranagar-Nadargul,17.272,78.508
58795,Kurmalguda-Nadargul,Kurmalguda-Nadargul,17.267204,78.51915
58796,Unknown,UNKNOWN,17.270785,78.52757
58797,Ymca Narayanaguda,Ymca Narayanaguda,17.395275,78.491388
58798,Ramnagar Gundu,Ramnagar Gundu,17.407088,78.512973
58799,Jamia Osmania,Jamia Osmania,17.411768,78.518014
58800,Arts College,Arts College,17.417935,78.519419
58801,Warasiguda,Warasiguda,17.419926,78.516716
58802,Namalagundu,Namalagundu,17.425,78.515
58803,Sitaphalmandi,Sitaphalmandi,17.427614,78.517474
58804,Chilkalguda,Chilkalguda,17.431424,78.508971
58805,Chilkalguda,Chilkalguda,17.431389,78.509417
58806,Sitaphalmandi,Sitaphalmandi,17.427142,78.517348
58807,Namalagundu,Namalagundu,17.424566,78.515782
58808,Warasiguda,Warasiguda,17.419805,78.516993
58809,Arts College,Arts College,17.417806,78.519449
58810,Jamia Osmania,Jamia Osmania,17.411636,78.518095
58811,Ymca Narayanaguda,Ymca Narayanaguda,17.395231,78.491293
58812,Sahara Estates,Sahara Estates,17.347843,78.56924
58813,Ramanthapur Tv Studio,Ramanthapur Tv Studio,17.396564,78.529946
58814,Jayashankar Agriculture University,Jayashankar Agriculture University,17.319814,78.418272
58815,Budvel,Budvel,17.330758,78.407235
58816,Mamatha Nagar,Mamatha Nagar,17.38039,78.558017
58817,Sujatha Hotel,Sujatha Hotel,17.374359,78.560503
58818,Sai Nagar-Nagole,Sai Nagar-Nagole,17.367035,78.561997
58819,Ramkrishnapuram-Kothapet,Ramkrishnapuram-Kothapet,17.368004,78.549935
58820,Kuntloor X Road,Kuntloor X Road,17.354189,78.608184
58821,Gowrelli,Gowrelli,17.358897,78.618683
58822,Thimmaiguda,Thimmaiguda,17.374549,78.652995
58823,Vivekananda Nagar-Dilsukhnagar,Vivekananda Nagar-Dilsukhnagar,17.363185,78.530587
58824,Gsi,Gsi,17.362884,78.569033
58825,Babukhanestate,Babukhanestate,17.371498,78.540927
58826,Allapur-Choutuppal,Allapur-Choutuppal,17.213168,78.83082
58827,Peepal Pahad,Peepal Pahad,17.22208,78.848021
58828,Devalamma Nagaram,Devalamma Nagaram,17.2438,78.8455
58829,Julur,Julur,17.386073,78.784837
58830,Khapraipalle,Khapraipalle,17.397,78.808
58831,Unknown,UNKNOWN,17.401278,78.813083
58832,Pedda Ravulapally Bibinagar,Pedda Ravulapally Bibinagar,17.408,78.835
58833,Unknown,UNKNOWN,17.401167,78.812889
58834,Julur,Julur,17.38596,78.784893
58835,Julur,Julur,17.382694,78.786348
58836,Jambagh,Jambagh,17.383115,78.478306
58837,Suraram Clny,Suraram Clny,17.540257,78.438401
58838,Abdullahpurmet,Abdullahpurmet,17.320446,78.692364
58839,Kawadipalle,Kawadipalle,17.334596,78.697359
58840,Abdullapur Village,Abdullapur Village,17.320395,78.692536
58841,Nagaram -Valigonda,Nagaram -Valigonda,17.356613,79.029259
58842,Thummalaguda,Thummalaguda,17.332,79.053
58843,Bogaram,Bogaram,17.305286,79.072904
58844,Neernemula,Neernemula,17.317,79.094
58845,Shobhanadripuram,Shobhanadripuram,17.35,79.095
58846,Laxmapuram Ramannapeta,Laxmapuram Ramannapeta,17.349,79.116
58847,Shobhanadripuram,Shobhanadripuram,17.351,79.096
58848,Gouse Konda Tanda,Gouse Konda Tanda,17.3765,78.849139
58849,Unknown,UNKNOWN,17.379111,78.850083
58850,Ramalingam Pally,Ramalingam Pally,17.38,78.852
58851,Ramalingam Pally,Ramalingam Pally,17.379,78.852
58852,Gouse Konda Tanda,Gouse Konda Tanda,17.376417,78.849172
58853,Unknown,UNKNOWN,17.366577,78.83065
58854,Shanti Nagar-Pedda Amberpet,Shanti Nagar-Pedda Amberpet,17.324638,78.652059
58855,Khajaguda,Khajaguda,17.41801,78.367298
58856,Kawaguda,Kawaguda,17.278284,78.34048
58857,Sultanpalle,Sultanpalle,17.267838,78.303545
58858,National Police Academy,National Police Academy,17.332506,78.439113
58859,Kawaguda,Kawaguda,17.278592,78.340137
58860,Chakripuram,Chakripuram,17.478776,78.586138
58861,Vijaya Hospital-Nagaram,Vijaya Hospital-Nagaram,17.482628,78.595043
58862,Dammaiguda,Dammaiguda,17.501966,78.588967
58863,Ambedkar Nagar Dammaiguda,Ambedkar Nagar Dammaiguda,17.506729,78.583885
58864,Dammaiguda,Dammaiguda,17.502137,78.588838
58865,Nagaram Ecil,Nagaram Ecil,17.487936,78.600986
58866,Vijaya Hospital-Nagaram,Vijaya Hospital-Nagaram,17.482324,78.594937
58867,Arundati Colony-Uppuguda,Arundati Colony-Uppuguda,17.342462,78.481578
58868,City Civil Court,City Civil Court,17.368064,78.479813
58869,Huda Colony-Attapur,Huda Colony-Attapur,17.362294,78.433389
58870,Moresuper Market,Moresuper Market,17.363418,78.423336
58871,Upperpally,Upperpally,17.358908,78.420877
58872,Gowlipura,Gowlipura,17.348893,78.478761
58873,Railway Bridge Lalithabagh,Railway Bridge Lalithabagh,17.345341,78.486955
58874,Shivaji Chowk,Shivaji Chowk,17.313443,78.506013
58875,Balapur,Balapur,17.308862,78.506241
58876,Mallapur-Balapur,Mallapur-Balapur,17.289978,78.497725
58877,Sultanpur-Mallapur,Sultanpur-Mallapur,17.278288,78.498233
58878,Rci Main Gate,Rci Main Gate,17.263482,78.493697
58879,Rci,Rci,17.264015,78.48591
58880,Sultanpur-Mallapur,Sultanpur-Mallapur,17.27822,78.498149
58881,Mallapur-Balapur,Mallapur-Balapur,17.290237,78.497585
58882,Balapur,Balapur,17.308913,78.505962
58883,Shivaji Chowk,Shivaji Chowk,17.313704,78.506134
58884,Saidabad Colony,Saidabad Colony,17.358963,78.509521
58885,Sbi Colony-Saidabad,Sbi Colony-Saidabad,17.36132,78.512622
58886,Saidabad Police Station,Saidabad Police Station,17.36372,78.502244
58887,Sriram Colony,Sriram Colony,17.293095,78.441812
58888,Madhuban Colony Laxmiguda,Madhuban Colony Laxmiguda,17.301006,78.43726
58889,Kedia Biscuit Factory,Kedia Biscuit Factory,17.307853,78.432319
58890,Katedan,Katedan,17.31212,78.438499
58891,Durga Nagar-Aramghar,Durga Nagar-Aramghar,17.314014,78.443415
58892,Katedan,Katedan,17.311904,78.438413
58893,Ambedkar Nagar-Nadargul,Ambedkar Nagar-Nadargul,17.269147,78.544883
58894,Adibatla Police Station,Adibatla Police Station,17.233,78.568
58895,Model High School- Bongloor,Model High School- Bongloor,17.239838,78.572222
58896,Adibatla Police Station,Adibatla Police Station,17.23313,78.567119
58897,Sai Balaji Homes Kaman,Sai Balaji Homes Kaman,17.305985,78.516078
58898,Srisai Balaji Homes,Srisai Balaji Homes,17.29985,78.51558
58899,Sai Balaji Homes Kaman,Sai Balaji Homes Kaman,17.306112,78.516154
58900,Ramdev Guda,Ramdev Guda,17.375435,78.396474
58901,Golconda Fort Bus Station,Golconda Fort Bus Station,17.385254,78.403137
58902,Rr Collectorate,Rr Collectorate,17.189359,78.530869
58903,Unknown,UNKNOWN,17.207,78.5
58904,Bjp Quarters,Bjp Quarters,17.325785,78.519869
58905,Noori Shah Darga,Noori Shah Darga,17.311,78.468
58906,Ismail Nagar,Ismail Nagar,17.308,78.471
58907,Ghouse Nagar,Ghouse Nagar,17.3,78.465
58908,Shaheen Nagar,Shaheen Nagar,17.29593,78.477641
58909,Shaheen Nagar,Shaheen Nagar,17.295895,78.477846
58910,Errakunta Hyd Bus Stop,Errakunta Hyd Bus Stop,17.303643,78.474553
58911,Sachivalaya Nagar,Sachivalaya Nagar,17.328901,78.571785
58912,Habsiguda,Habsiguda,17.419199,78.541818
58913,Hmt Factory,Hmt Factory,17.450803,78.552356
58914,Flour Mill,Flour Mill,17.391953,78.423119
58915,Flour Mill,Flour Mill,17.392523,78.424399
58916,Bell Company,Bell Company,17.438478,78.579367
58917,Gurramguda Village,Gurramguda Village,17.294,78.566
58918,Kammaguda,Kammaguda,17.280315,78.551267
58919,Kachiguda X Roads,Kachiguda X Roads,17.390816,78.489289
58920,Kendriya Vidyalaya-Odf,Kendriya Vidyalaya-Odf,17.494826,78.134331
58921,Ordinance Factory,Ordinance Factory,17.506803,78.13608
58922,Jalpally X Rd,Jalpally X Rd,17.284479,78.451152
58923,Wambay Clny-Udamgadda,Wambay Clny-Udamgadda,17.298304,78.449893
58924,Laxmiguda-Jalpally,Laxmiguda-Jalpally,17.306998,78.450432
58925,Uddam Gadda,Uddam Gadda,17.315641,78.44885
58926,Ordinance Factory,Ordinance Factory,17.507029,78.13636
58927,Kendriya Vidyalaya-Odf,Kendriya Vidyalaya-Odf,17.494402,78.134406
58928,Uddam Gadda,Uddam Gadda,17.315659,78.448953
58929,Laxmiguda-Jalpally,Laxmiguda-Jalpally,17.307128,78.450741
58930,Wambay Clny-Udamgadda,Wambay Clny-Udamgadda,17.298364,78.450192
58931,Vst Bus Stop,Vst Bus Stop,17.404845,78.501702
58932,National Police Academy,National Police Academy,17.33223,78.439274
58933,Shivaji Chowk,Shivaji Chowk,17.31361,78.50564
58934,Balapur,Balapur,17.310573,78.499541
58935,Kongara Tanda,Kongara Tanda,17.192368,78.550492
58936,Batasingaram,Batasingaram,17.301687,78.726402
58937,Kuberapuri,Kuberapuri,17.268408,78.721783
58938,Narrepalle,Narrepalle,17.259991,78.73469
58939,Unknown,UNKNOWN,17.253882,78.747186
58940,Unknown,UNKNOWN,17.242855,78.754055
58941,Dandumailaram,Dandumailaram,17.230925,78.760942
58942,Dandumailaram,Dandumailaram,17.231001,78.760914
58943,Unknown,UNKNOWN,17.242916,78.754292
58944,Unknown,UNKNOWN,17.254023,78.747382
58945,Narrepalle,Narrepalle,17.259782,78.734518
58946,Kuberapuri,Kuberapuri,17.268336,78.721569
58947,Unknown,UNKNOWN,17.122455,78.672522
58948,Unknown,UNKNOWN,17.103932,78.680521
58949,Gadda Mallaiguda,Gadda Mallaiguda,17.098,78.686
58950,Rangapur-Manchal,Rangapur-Manchal,17.090704,78.714029
58951,Bugga Tanda X Road,Bugga Tanda X Road,17.077595,78.742576
58952,Yellamma Thanda-Manchal,Yellamma Thanda-Manchal,17.069544,78.752575
58953,Unknown,UNKNOWN,17.062898,78.764146
58954,Bodakonda Penikarla,Bodakonda Penikarla,17.061308,78.776886
58955,Elgapally X Roads,Elgapally X Roads,17.024893,78.837172
58956,Unknown,UNKNOWN,17.022041,78.853254
58957,Unknown,UNKNOWN,17.013752,78.870131
58958,Shivanaguda-Marriguda,Shivanaguda-Marriguda,17.003467,78.887187
58959,Bandlaguda Jagir,Bandlaguda Jagir,17.351,78.39
58960,Kismatpur-Gandipet,Kismatpur-Gandipet,17.334345,78.391389
58961,Pahadi Shareef,Pahadi Shareef,17.272412,78.473127
58962,Omer Colony,Omer Colony,17.269138,78.466214
58963,Mamidipally,Mamidipally,17.249351,78.450987
58964,Unknown,UNKNOWN,17.259082,78.431792
58965,Sri Sai Dharmagiri Kshetram,Sri Sai Dharmagiri Kshetram,17.259246,78.418213
58966,Unknown,UNKNOWN,17.259368,78.404263
58967,Balijaguda X Road,Balijaguda X Road,17.343767,78.696957
58968,Saddu Pally X Road,Saddu Pally X Road,17.370125,78.698743
58969,Unknown,UNKNOWN,17.379559,78.705361
58970,Unknown,UNKNOWN,17.3849,78.713006
58971,Bandaraviryal,Bandaraviryal,17.388867,78.718343
58972,Chinna Ravirala,Chinna Ravirala,17.383171,78.72472
58973,Guvvaleti X Roads,Guvvaleti X Roads,17.377359,78.733526
58974,Pillai Palle,Pillai Palle,17.375176,78.738665
58975,Pillai Palle,Pillai Palle,17.37513,78.738598
58976,Guvvaleti X Roads,Guvvaleti X Roads,17.377359,78.73336
58977,Bandaraviryal,Bandaraviryal,17.388858,78.718404
58978,Unknown,UNKNOWN,17.384655,78.713329
58979,Unknown,UNKNOWN,17.37931,78.705432
58980,Saddu Pally X Road,Saddu Pally X Road,17.370156,78.698888
58981,Balijaguda X Road,Balijaguda X Road,17.343818,78.697214
58982,Unknown,UNKNOWN,17.01359,78.869863
58983,Unknown,UNKNOWN,17.021836,78.853233
58984,Elgapally X Roads,Elgapally X Roads,17.024775,78.837097
58985,Unknown,UNKNOWN,17.062816,78.764092
58986,Yellamma Thanda-Manchal,Yellamma Thanda-Manchal,17.069339,78.752629
58987,Bugga Tanda X Road,Bugga Tanda X Road,17.077513,78.742447
58988,Rangapur-Manchal,Rangapur-Manchal,17.090778,78.713983
58989,Unknown,UNKNOWN,17.10385,78.680394
58990,Gungal,Gungal,17.106193,78.666758
58991,Unknown,UNKNOWN,17.122479,78.672485
58992,Agapally-Ibrahimpatnam,Agapally-Ibrahimpatnam,17.134495,78.671489
58993,Unknown,UNKNOWN,17.091245,78.665307
58994,Unknown,UNKNOWN,16.984334,78.715646
58995,Thammaloniguda X Road,Thammaloniguda X Road,16.986823,78.711025
58996,Thakkellapalle,Thakkellapalle,17.002051,78.689994
58997,Chintapatla,Chintapatla,17.009307,78.686574
58998,Chinthapatla Thanda,Chinthapatla Thanda,17.012023,78.685327
58999,Chowderpalle-Yacharam,Chowderpalle-Yacharam,17.06999,78.665628
59000,Patelguda-Ibrahimpatnam,Patelguda-Ibrahimpatnam,17.215366,78.585919
59001,Chintapatla,Chintapatla,17.009512,78.686649
59002,Mall-Yacharam,Mall-Yacharam,16.967384,78.729717
59003,Marriguda X Road,Marriguda X Road,16.973582,78.729948
59004,Balagram,Balagram,17.018239,78.681511
59005,Yacharam-Yacharam,Yacharam-Yacharam,17.042312,78.664282
59006,Unknown,UNKNOWN,17.091252,78.66467
59007,Kapad X Road,Kapad X Road,17.180815,78.651981
59008,Cherlapatelguda X Road,Cherlapatelguda X Road,17.180483,78.63694
59009,Rajamahendra College,Rajamahendra College,17.174958,78.635867
59010,Cherlapatelguda,Cherlapatelguda,17.167952,78.633823
59011,Karnamguda,Karnamguda,17.175276,78.623249
59012,Unknown,UNKNOWN,17.154992,78.601701
59013,Pocharam-Ibrahimpatnam,Pocharam-Ibrahimpatnam,17.178013,78.600515
59014,Metilla,Metilla,17.164,78.594
59015,Unknown,UNKNOWN,17.146752,78.594668
59016,Yeliminedu,Yeliminedu,17.14404,78.594872
59017,Timmapur X Roads,Timmapur X Roads,17.143,78.589
59018,Madhapur-Kandukur,Madhapur-Kandukur,17.12818,78.581525
59019,Madhapur-Kandukur,Madhapur-Kandukur,17.128333,78.581402
59020,Timmapur X Roads,Timmapur X Roads,17.14289,78.589373
59021,Metilla,Metilla,17.164036,78.593831
59022,Uppariguda-Ibrahimpatnam,Uppariguda-Ibrahimpatnam,17.190384,78.613728
59023,Mamidipally,Mamidipally,17.25,78.451
59024,Pahadi Shareef,Pahadi Shareef,17.272395,78.473087
59025,Shamshabad,Shamshabad,17.261656,78.387988
59026,Unknown,UNKNOWN,17.224753,78.346333
59027,Natco,Natco,17.135987,78.285793
59028,Rangapur-Kothur,Rangapur-Kothur,17.120936,78.291801
59029,Mekaguda-Kothur,Mekaguda-Kothur,17.107828,78.295023
59030,Satyahousing-Kothur,Satyahousing-Kothur,17.102874,78.296031
59031,Inmul Narwa,Inmul Narwa,17.084087,78.299279
59032,Jp Dargha,Jp Dargha,17.068323,78.3025
59033,Jp Dargha,Jp Dargha,17.067646,78.302144
59034,Inmul Narwa,Inmul Narwa,17.084294,78.299209
59035,Satyahousing-Kothur,Satyahousing-Kothur,17.102984,78.295953
59036,Mekaguda-Kothur,Mekaguda-Kothur,17.107734,78.294808
59037,Rangapur-Kothur,Rangapur-Kothur,17.121008,78.291734
59038,Natco,Natco,17.136015,78.285702
59039,Turkaguda-Ibrahimpatnam,Turkaguda-Ibrahimpatnam,17.153,78.619
59040,Kappapahad,Kappapahad,17.142,78.616
59041,Gummadavalle-Kandukur,Gummadavalle-Kandukur,17.094229,78.579808
59042,Begumpet-Kandukur,Begumpet-Kandukur,17.108037,78.553469
59043,Begumpet-Kandukur,Begumpet-Kandukur,17.108052,78.553582
59044,Gummadavalle-Kandukur,Gummadavalle-Kandukur,17.09429,78.580101
59045,Timmapur-Kandukur,Timmapur-Kandukur,17.130077,78.556704
59046,Turkaguda-Ibrahimpatnam,Turkaguda-Ibrahimpatnam,17.152883,78.618985
59047,Rajamahendra College,Rajamahendra College,17.175071,78.635609
59048,Cherlapatelguda X Road,Cherlapatelguda X Road,17.180568,78.636886
59049,Unknown,UNKNOWN,17.313563,78.733521
59050,Unknown,UNKNOWN,17.323932,78.732234
59051,Deshmukhi,Deshmukhi,17.334233,78.731053
59052,Sai Brundavanamam,Sai Brundavanamam,17.342215,78.735382
59053,Sai Brundavanamam,Sai Brundavanamam,17.342,78.727
59054,Sai Brundavanamam,Sai Brundavanamam,17.342282,78.735516
59055,Deshmukhi,Deshmukhi,17.334048,78.730903
59056,Unknown,UNKNOWN,17.323949,78.732469
59057,Unknown,UNKNOWN,17.313748,78.733971
59058,Ravirala,Ravirala,17.216088,78.510414
59059,Pedda Amberpet Checkpost,Pedda Amberpet Checkpost,17.320262,78.641628
59060,Jagathpally X Roads,Jagathpally X Roads,17.369577,78.75456
59061,Jagatthpalle,Jagatthpalle,17.357919,78.765246
59062,Peddagudem-Pochampally,Peddagudem-Pochampally,17.380431,78.769344
59063,Peddagudem-Pochampally,Peddagudem-Pochampally,17.380528,78.769441
59064,Jagatthpalle,Jagatthpalle,17.358106,78.765374
59065,Jagathpally X Roads,Jagathpally X Roads,17.369675,78.754419
59066,Sirigiripur,Sirigiripur,17.153579,78.44787
59067,Maheswaram Bavi,Maheswaram Bavi,17.136645,78.436784
59068,Maheswaram Bus Stop,Maheswaram Bus Stop,17.134134,78.433451
59069,Maheswaram Depot,Maheswaram Depot,17.134029,78.415089
59070,Mansanpalle-Maheswaram,Mansanpalle-Maheswaram,17.137161,78.393894
59071,Mansanpally X Road,Mansanpally X Road,17.138002,78.379866
59072,Pendyal,Pendyal,17.130522,78.376138
59073,Dubbacherla,Dubbacherla,17.107911,78.371656
59074,Gandhi Nagar Thanda-Maheswaram,Gandhi Nagar Thanda-Maheswaram,17.092578,78.368
59075,Kollapadkal,Kollapadkal,17.080726,78.365371
59076,Unknown,UNKNOWN,17.066128,78.374287
59077,Porandla-Maheswaram,Porandla-Maheswaram,17.060928,78.377999
59078,Unknown,UNKNOWN,17.066082,78.374263
59079,Kollapadkal,Kollapadkal,17.080887,78.365312
59080,Gandhi Nagar Thanda-Maheswaram,Gandhi Nagar Thanda-Maheswaram,17.092578,78.367817
59081,Dubbacherla,Dubbacherla,17.106463,78.371015
59082,Pendyal,Pendyal,17.130693,78.376057
59083,Mansanpally X Road,Mansanpally X Road,17.137858,78.379748
59084,Mansanpalle-Maheswaram,Mansanpalle-Maheswaram,17.137,78.393
59085,Kc Tanda X Roads,Kc Tanda X Roads,17.133724,78.416776
59086,Sirigiripur,Sirigiripur,17.153508,78.447656
59087,Ghatpalle Hanuman Temple,Ghatpalle Hanuman Temple,17.118111,78.394715
59088,Ghatpalle-Maheswaram,Ghatpalle-Maheswaram,17.102143,78.393671
59089,Mansanpalle-Maheswaram,Mansanpalle-Maheswaram,17.137622,78.391936
59090,Ghatpalle-Maheswaram,Ghatpalle-Maheswaram,17.102297,78.393634
59091,Ghatpalle Hanuman Temple,Ghatpalle Hanuman Temple,17.118244,78.394575
59092,Saraswathiguda X Road-Kandukur,Saraswathiguda X Road-Kandukur,17.185039,78.475492
59093,Saraswathiguda,Saraswathiguda,17.170912,78.498862
59094,Unknown,UNKNOWN,17.162175,78.503538
59095,Unknown,UNKNOWN,17.148746,78.516153
59096,Lemoor,Lemoor,17.138286,78.515297
59097,Unknown,UNKNOWN,17.147885,78.51624
59098,Unknown,UNKNOWN,17.162811,78.503087
59099,Saraswathiguda,Saraswathiguda,17.171358,78.498446
59100,Saraswathiguda X Road-Kandukur,Saraswathiguda X Road-Kandukur,17.185721,78.474312
59101,Gudoor Gate,Gudoor Gate,17.118385,78.505257
59102,Unknown,UNKNOWN,17.093952,78.487251
59103,Gudur Village,Gudur Village,17.095395,78.498819
59104,Unknown,UNKNOWN,17.093855,78.487304
59105,Malagudur,Malagudur,17.084865,78.501349
59106,Katikapally,Katikapally,17.093152,78.51676
59107,Malagudur,Malagudur,17.084205,78.502824
59108,Unknown,UNKNOWN,17.286065,78.620573
59109,Gandicheruvu,Gandicheruvu,17.300829,78.66414
59110,Gandicheruvu,Gandicheruvu,17.293032,78.6725
59111,Mro Office Manchal,Mro Office Manchal,17.16,78.727
59112,Unknown,UNKNOWN,17.155164,78.732512
59113,Unknown,UNKNOWN,17.143765,78.760574
59114,Unknown,UNKNOWN,17.159715,78.784654
59115,Kadilabavi Thanda,Kadilabavi Thanda,17.157737,78.788881
59116,Unknown,UNKNOWN,17.16917,78.799046
59117,Rachakonda Darga,Rachakonda Darga,17.170807,78.807539
59118,Unknown,UNKNOWN,17.175727,78.820338
59119,Tumbai Tanda,Tumbai Tanda,17.197989,78.826169
59120,Allapur-Choutuppal,Allapur-Choutuppal,17.212901,78.830879
59121,Unknown,UNKNOWN,17.184921,78.848448
59122,Venkambai Thanda,Venkambai Thanda,17.175445,78.854392
59123,Factory Narayanapuram,Factory Narayanapuram,17.17119,78.85882
59124,Narayanapur-Choutuppal,Narayanapur-Choutuppal,17.161996,78.882083
59125,Factory Narayanapuram,Factory Narayanapuram,17.17103,78.858949
59126,Venkambai Thanda,Venkambai Thanda,17.175542,78.854257
59127,Unknown,UNKNOWN,17.184768,78.848255
59128,Yenuganti Thanda,Yenuganti Thanda,17.196301,78.8434
59129,Allapur-Choutuppal,Allapur-Choutuppal,17.212904,78.830431
59130,Unknown,UNKNOWN,17.175471,78.820703
59131,Rachakonda Darga,Rachakonda Darga,17.170653,78.807566
59132,Unknown,UNKNOWN,17.168798,78.799396
59133,Kadilabavi Thanda,Kadilabavi Thanda,17.15765,78.788624
59134,Unknown,UNKNOWN,17.15949,78.784783
59135,Unknown,UNKNOWN,17.143723,78.76074
59136,Unknown,UNKNOWN,17.154928,78.732373
59137,Abhiyudaya Nagar,Abhiyudaya Nagar,17.347244,78.380845
59138,Hydershakoti,Hydershakoti,17.368728,78.393242
59139,Shanthi Nagar Bandlaguda Jagir,Shanthi Nagar Bandlaguda Jagir,17.363269,78.390856
59140,Hydershakoti,Hydershakoti,17.368687,78.395058
59141,Shanthi Nagar Bandlaguda Jagir,Shanthi Nagar Bandlaguda Jagir,17.363234,78.390874
59142,Mangalpalle-Ibrahimpatnam,Mangalpalle-Ibrahimpatnam,17.209,78.595
59143,Saheb Guda X Roads,Saheb Guda X Roads,17.206404,78.574455
59144,Unknown,UNKNOWN,17.20539,78.550272
59145,Uppariguda X Road,Uppariguda X Road,17.205568,78.550159
59146,Saheb Guda X Roads,Saheb Guda X Roads,17.206506,78.574492
59147,Mangalpalle-Ibrahimpatnam,Mangalpalle-Ibrahimpatnam,17.208935,78.59507
59148,Unknown,UNKNOWN,17.159897,78.631355
59149,Ym Thanda,Ym Thanda,17.053625,78.305086
59150,Enugu Tanda,Enugu Tanda,17.045617,78.316401
59151,Unknown,UNKNOWN,17.043199,78.329888
59152,Siddapur-Kothur,Siddapur-Kothur,17.056031,78.351928
59153,Unknown,UNKNOWN,17.043045,78.330009
59154,Enugu Tanda,Enugu Tanda,17.045296,78.316399
59155,Ym Thanda,Ym Thanda,17.053484,78.30503
59156,Mm Kunta,Mm Kunta,17.244942,78.575034
59157,Pigilipur,Pigilipur,17.315494,78.743616
59158,Pedda Amberpet Checkpost,Pedda Amberpet Checkpost,17.320042,78.641674
59159,Pedda Amberpet,Pedda Amberpet,17.32,78.638
59160,Netaji Nagar-,Netaji Nagar-,17.311023,78.426987
59161,7 Tombs,7 Tombs,17.397376,78.400948
59162,Banjara Darwaza,Banjara Darwaza,17.3923,78.399784
59163,Alijapur,Alijapur,17.392313,78.392
59164,Secratariate Colony,Secratariate Colony,17.394046,78.386046
59165,Ysr Enclave,Ysr Enclave,17.390102,78.382524
59166,Bapuhills,Bapuhills,17.385336,78.380585
59167,Bapuhills,Bapuhills,17.385013,78.380649
59168,Ysr Enclave,Ysr Enclave,17.390217,78.382642
59169,Banjara Darwaza,Banjara Darwaza,17.392394,78.399842
59170,Toli Chowki,Toli Chowki,17.399416,78.415947
59171,Veerannapet-Moinabad,Veerannapet-Moinabad,17.374231,78.229963
59172,Unknown,UNKNOWN,17.376,78.214
59173,Medipalle-Moinabad,Medipalle-Moinabad,17.371607,78.201354
59174,Unknown,UNKNOWN,17.376,78.215
59175,Veerannapet-Moinabad,Veerannapet-Moinabad,17.374262,78.230091
59176,Vinobha Nagar,Vinobha Nagar,17.206511,78.667544
59177,National Security Guard (Nsg),National Security Guard (Nsg),17.211971,78.674858
59178,Naganpalle-Ibrahimpatnam,Naganpalle-Ibrahimpatnam,17.216778,78.689294
59179,Zphs Nagan Pally,Zphs Nagan Pally,17.216,78.694
59180,Polkampally-Ibrahimpatnam,Polkampally-Ibrahimpatnam,17.223,78.708
59181,Manyaguda-Ibrahimpatnam,Manyaguda-Ibrahimpatnam,17.224174,78.716344
59182,Polkampally-Ibrahimpatnam,Polkampally-Ibrahimpatnam,17.222983,78.708117
59183,National Security Guard (Nsg),National Security Guard (Nsg),17.212102,78.67507
59184,Vinobha Nagar,Vinobha Nagar,17.206373,78.667409
59185,Raipole-Ibp,Raipole-Ibp,17.204,78.715
59186,Tallapalli Guda X Road,Tallapalli Guda X Road,17.20297,78.734116
59187,Muknoor-Ibrahimpatnam,Muknoor-Ibrahimpatnam,17.206014,78.751055
59188,Gold Coast,Gold Coast,17.26308,78.762027
59189,Rudra Velly Bibinagar,Rudra Velly Bibinagar,17.409,78.786
59190,Raghavapur-Bibinagar,Raghavapur-Bibinagar,17.422314,78.790721
59191,Raheem Khan Guda,Raheem Khan Guda,17.451089,78.794522
59192,Bibinagar X Road,Bibinagar X Road,17.472415,78.790869
59193,Gudur Toll,Gudur Toll,17.485852,78.821213
59194,Pagidipally,Pagidipally,17.493989,78.835907
59195,Anantharam Bhuvanagiri,Anantharam Bhuvanagiri,17.498267,78.841673
59196,Bhuvanagiri Old Bus Station,Bhuvanagiri Old Bus Station,17.519677,78.891273
59197,Rayagiri Railway Station,Rayagiri Railway Station,17.539409,78.940887
59198,Rayagiri Railway Station,Rayagiri Railway Station,17.548,78.938
59199,Yadagirigutta Bus Station,Yadagirigutta Bus Station,17.583,78.946
59200,Raigiri Railway Station,Raigiri Railway Station,17.547977,78.93824
59201,Rayagiri,Rayagiri,17.539352,78.940844
59202,Bhuvanagiri Old Bus Station,Bhuvanagiri Old Bus Station,17.519551,78.891465
59203,Anantharam Bhuvanagiri,Anantharam Bhuvanagiri,17.497919,78.841973
59204,Pagidipally,Pagidipally,17.493811,78.835991
59205,Gudur Toll,Gudur Toll,17.485596,78.821368
59206,Bibi Nagar,Bibi Nagar,17.467186,78.793237
59207,Raghavapur-Bibinagar,Raghavapur-Bibinagar,17.421984,78.790606
59208,Gold Coast,Gold Coast,17.26307,78.762188
59209,Tallapalli Guda X Road,Tallapalli Guda X Road,17.203,78.734
59210,Pedda Mangalaram,Pedda Mangalaram,17.337192,78.260803
59211,Unknown,UNKNOWN,17.352,78.257
59212,Reddipalle-Moinabad,Reddipalle-Moinabad,17.373369,78.24604
59213,Mothukupalle-Moinabad,Mothukupalle-Moinabad,17.382904,78.253555
59214,Unknown,UNKNOWN,17.37759,78.241324
59215,Sarampet-Marriguda,Sarampet-Marriguda,16.993325,78.898589
59216,Indurthi-Marriguda,Indurthi-Marriguda,17.005105,78.905779
59217,Kottala-Marriguda,Kottala-Marriguda,17.014916,78.919017
59218,Namapur-Marriguda,Namapur-Marriguda,17.024496,78.927929
59219,Unknown,UNKNOWN,17.377559,78.242129
59220,Chandanagar-Moinabad,Chandanagar-Moinabad,17.366472,78.259094
59221,Pedda Mangalaram,Pedda Mangalaram,17.337276,78.260819
59222,Kottala-Marriguda,Kottala-Marriguda,17.015319,78.919929
59223,Sarampet-Marriguda,Sarampet-Marriguda,16.989985,78.894512
59224,Gudi Malkapur-Mehdipatnam,Gudi Malkapur-Mehdipatnam,17.386636,78.439958
59225,Shiv Bagh,Shiv Bagh,17.382812,78.438762
59226,Sharada Nagar-Gudimalkapur,Sharada Nagar-Gudimalkapur,17.381235,78.439776
59227,Tallagadda,Tallagadda,17.378555,78.442271
59228,Hitech City (Cyber Towers),Hitech City (Cyber Towers),17.451957,78.380526
59229,Tallagadda,Tallagadda,17.378826,78.442077
59230,Sharada Nagar-Gudimalkapur,Sharada Nagar-Gudimalkapur,17.381112,78.439744
59231,Shiv Bagh,Shiv Bagh,17.382878,78.438692
59232,Gudi Malkapur-Mehdipatnam,Gudi Malkapur-Mehdipatnam,17.386646,78.439856
59233,Shilparamam,Shilparamam,17.453748,78.37937
59234,Unknown,UNKNOWN,17.127841,78.660403
59235,Unknown,UNKNOWN,17.118347,78.649718
59236,Unknown,UNKNOWN,17.10615,78.634847
59237,Pethulla,Pethulla,17.101,78.627
59238,Darmannaguda-Yacharam,Darmannaguda-Yacharam,17.08642,78.626114
59239,Darmannaguda-Yacharam,Darmannaguda-Yacharam,17.083746,78.617842
59240,Tulekhurd/Chinthulla-Yacharam,Tulekhurd/Chinthulla-Yacharam,17.083451,78.613347
59241,Unknown,UNKNOWN,17.07582,78.603766
59242,Bashamoniguda,Bashamoniguda,17.071882,78.594185
59243,Malagudem-Kandukur,Malagudem-Kandukur,17.066759,78.585876
59244,Meerkhanpet,Meerkhanpet,17.046,78.573
59245,Kurmidda-Yacharam,Kurmidda-Yacharam,17.032069,78.574259
59246,Proddutur X Roads,Proddutur X Roads,17.380528,78.20033
59247,Pragathi Resort,Pragathi Resort,17.380529,78.18112
59248,Gollaguda X Road,Gollaguda X Road,17.383338,78.165282
59249,Kammeta X Roads,Kammeta X Roads,17.383247,78.149292
59250,Sri Manikeshwari Matha Temple,Sri Manikeshwari Matha Temple,17.375678,78.131284
59251,Kothapalle-Shankarpally,Kothapalle-Shankarpally,17.373986,78.118372
59252,Kothapalle-Shankarpally,Kothapalle-Shankarpally,17.374114,78.118329
59253,Sri Manikeshwari Matha Temple,Sri Manikeshwari Matha Temple,17.375706,78.131386
59254,Eerlapally X Road,Eerlapally X Road,17.405482,78.150958
59255,Dearlapalle,Dearlapalle,17.405684,78.142233
59256,Eerlapally X Road,Eerlapally X Road,17.406,78.151
59257,Kammeta X Roads,Kammeta X Roads,17.383413,78.149574
59258,Gollaguda X Road,Gollaguda X Road,17.383336,78.16538
59259,Pragathi Resort,Pragathi Resort,17.38061,78.180969
59260,Proddutur X Roads,Proddutur X Roads,17.380536,78.200238
59261,Afzalgunj,Afzalgunj,17.373,78.477
59262,Unknown,UNKNOWN,17.196501,78.596081
59263,Pocharam-Ibrahimpatnam,Pocharam-Ibrahimpatnam,17.178146,78.600644
59264,Jabbarguda,Jabbarguda,17.151924,78.592565
59265,Unknown,UNKNOWN,17.196342,78.596068
59266,Konala Gudem-Kandukur,Konala Gudem-Kandukur,17.104012,78.590591
59267,Konala Gudem-Kandukur,Konala Gudem-Kandukur,17.099889,78.596213
59268,Akulamailavaram,Akulamailavaram,17.066,78.574
59269,Akulamailavaram,Akulamailavaram,17.066135,78.573976
59270,Konala Gudem-Kandukur,Konala Gudem-Kandukur,17.104284,78.5905
59271,Konala Gudem-Kandukur,Konala Gudem-Kandukur,17.099882,78.595918
59272,Tulekhurd/Chinthulla-Yacharam,Tulekhurd/Chinthulla-Yacharam,17.083456,78.613234
59273,Darmannaguda-Yacharam,Darmannaguda-Yacharam,17.086,78.626
59274,Pethulla,Pethulla,17.101238,78.627037
59275,Unknown,UNKNOWN,17.296319,78.176071
59276,Palgutta-Chevella,Palgutta-Chevella,17.288,78.174
59277,Kanduwada,Kanduwada,17.276975,78.176098
59278,Unknown,UNKNOWN,17.175645,78.553748
59279,Unknown,UNKNOWN,17.151636,78.558384
59280,Timmapur-Kandukur,Timmapur-Kandukur,17.13042,78.557788
59281,Unknown,UNKNOWN,17.121956,78.542204
59282,Rachloor-Kandukur,Rachloor-Kandukur,17.11483,78.537065
59283,Unknown,UNKNOWN,17.112102,78.545165
59284,Unknown,UNKNOWN,17.111948,78.545069
59285,Unknown,UNKNOWN,17.12211,78.541839
59286,Timmapur-Kandukur,Timmapur-Kandukur,17.131145,78.556267
59287,Unknown,UNKNOWN,17.151617,78.558061
59288,Unknown,UNKNOWN,17.175665,78.553362
59289,Yenkepalle X Roads,Yenkepalle X Roads,17.337376,78.313395
59290,Yenkepalle-Moinabad,Yenkepalle-Moinabad,17.324,78.312
59291,Unknown,UNKNOWN,17.298,78.322
59292,Bakaram Jagir-Moinabad,Bakaram Jagir-Moinabad,17.289791,78.313094
59293,Bakaram Jagir-Moinabad,Bakaram Jagir-Moinabad,17.289763,78.312958
59294,Unknown,UNKNOWN,17.314,78.316
59295,Yenkepalle-Moinabad,Yenkepalle-Moinabad,17.324082,78.3117
59296,Ravirala,Ravirala,17.21595,78.510388
59297,Unknown,UNKNOWN,17.217113,78.48448
59298,Tukkuguda,Tukkuguda,17.2119,78.476527
59299,Sirigiripur,Sirigiripur,17.154172,78.436938
59300,Unknown,UNKNOWN,17.143046,78.361037
59301,Ameerpet-Maheswaram,Ameerpet-Maheswaram,17.15,78.344
59302,Unknown,UNKNOWN,17.14321,78.361112
59303,Unknown,UNKNOWN,17.217118,78.484794
59304,Patelguda-Ibrahimpatnam,Patelguda-Ibrahimpatnam,17.215545,78.585881
59305,Cherlapatelguda,Cherlapatelguda,17.167972,78.633683
59306,Unknown,UNKNOWN,17.027612,78.659985
59307,Malkeezguda-Yacharam,Malkeezguda-Yacharam,17.016046,78.656994
59308,Unknown,UNKNOWN,17.007442,78.646574
59309,Nakkarta Medipally,Nakkarta Medipally,17.000948,78.647615
59310,Nanaknagar-Yacharam,Nanaknagar-Yacharam,16.992,78.626
59311,Pilli Pally-Yacharam,Pilli Pally-Yacharam,17.00519,78.604152
59312,Thatiparthy-Yacharam,Thatiparthy-Yacharam,17.003,78.597
59313,Pilli Pally-Yacharam,Pilli Pally-Yacharam,17.005,78.604
59314,Nanaknagar-Yacharam,Nanaknagar-Yacharam,16.992114,78.626254
59315,Nakkarta Medipally,Nakkarta Medipally,17.001493,78.647519
59316,Unknown,UNKNOWN,17.007668,78.646402
59317,Malkeezguda-Yacharam,Malkeezguda-Yacharam,17.016106,78.657021
59318,Unknown,UNKNOWN,17.027656,78.659656
59319,Kalij Khan Darga,Kalij Khan Darga,17.341401,78.372887
59320,Unknown,UNKNOWN,17.349,78.348
59321,Sri Nidhi School,Sri Nidhi School,17.341217,78.340472
59322,Aziz Nagar,Aziz Nagar,17.336132,78.327383
59323,Unknown,UNKNOWN,17.319018,78.330916
59324,Nagireddiguda,Nagireddiguda,17.301907,78.331286
59325,Nagireddiguda,Nagireddiguda,17.301892,78.331388
59326,Unknown,UNKNOWN,17.319,78.331
59327,Aziz Nagar,Aziz Nagar,17.336201,78.327311
59328,Sri Nidhi School,Sri Nidhi School,17.341227,78.340252
59329,Himayath Sagar,Himayath Sagar,17.34,78.362
59330,Kalij Khan Darga,Kalij Khan Darga,17.341585,78.372899
59331,Nandiwanaparthy-Yacharam,Nandiwanaparthy-Yacharam,17.045984,78.634644
59332,Ayyavariguda-Yacharam,Ayyavariguda-Yacharam,17.049246,78.615256
59333,Nazdik Singaram-Yacharam,Nazdik Singaram-Yacharam,17.040075,78.607746
59334,Unknown,UNKNOWN,17.043827,78.587965
59335,Peddamma Gudi-Kandukur,Peddamma Gudi-Kandukur,17.050041,78.548783
59336,Begarikancha X Roads,Begarikancha X Roads,17.0507,78.541008
59337,Sarvaravulapalle X Road-Kandukur,Sarvaravulapalle X Road-Kandukur,17.05092,78.539001
59338,Unknown,UNKNOWN,17.051943,78.527784
59339,Ntr Thanda-Kandukur,Ntr Thanda-Kandukur,17.053,78.517
59340,Kandukur (Klky),Kandukur (Klky),17.063636,78.487014
59341,Kandukur X Roads,Kandukur X Roads,17.073,78.474
59342,Kandukur (Klky),Kandukur (Klky),17.063923,78.487047
59343,Unknown,UNKNOWN,17.056933,78.508757
59344,Ntr Thanda-Kandukur,Ntr Thanda-Kandukur,17.053113,78.517163
59345,Unknown,UNKNOWN,17.052148,78.527838
59346,Sarvaravulapalle X Road-Kandukur,Sarvaravulapalle X Road-Kandukur,17.050939,78.538877
59347,Begarikancha X Roads,Begarikancha X Roads,17.051,78.541
59348,Peddamma Gudi-Kandukur,Peddamma Gudi-Kandukur,17.05,78.549
59349,Meerkhanpet,Meerkhanpet,17.046271,78.573092
59350,Unknown,UNKNOWN,17.043748,78.588016
59351,Nazdik Singaram-Yacharam,Nazdik Singaram-Yacharam,17.039942,78.607687
59352,Ayyavariguda-Yacharam,Ayyavariguda-Yacharam,17.049366,78.615176
59353,Nandiwanaparthy-Yacharam,Nandiwanaparthy-Yacharam,17.046,78.635
59354,Unknown,UNKNOWN,17.067975,78.62068
59355,Unknown,UNKNOWN,17.067923,78.620524
59356,Unknown,UNKNOWN,17.118644,78.649879
59357,Unknown,UNKNOWN,17.127872,78.660253
59358,Lower Tankbund,Lower Tankbund,17.412658,78.478578
59359,Narsimhathota,Narsimhathota,17.24807,78.38195
59360,Kothaguda,Kothaguda,17.221996,78.389162
59361,Chinna Golconda,Chinna Golconda,17.20903,78.389871
59362,Shankarapur,Shankarapur,17.207336,78.377398
59363,Kothaguda,Kothaguda,17.222,78.389
59364,Unknown,UNKNOWN,17.082179,78.577523
59365,Seetarampuram-Shabad,Seetarampuram-Shabad,17.211759,78.133416
59366,Malreddyguda,Malreddyguda,17.190615,78.13486
59367,Sankepallyguda,Sankepallyguda,17.175112,78.135523
59368,Shabad Bus Stop,Shabad Bus Stop,17.160125,78.133135
59369,Sankepallyguda,Sankepallyguda,17.174901,78.135365
59370,Malreddyguda,Malreddyguda,17.190442,78.134748
59371,Seetarampuram-Shabad,Seetarampuram-Shabad,17.211606,78.133315
59372,Kothur Thanda,Kothur Thanda,17.138807,78.295891
59373,Unknown,UNKNOWN,17.132173,78.301765
59374,Unknown,UNKNOWN,17.135198,78.299078
59375,Unknown,UNKNOWN,17.128062,78.305252
59376,Kodicherla,Kodicherla,17.093216,78.331143
59377,Penjerla,Penjerla,17.109827,78.321489
59378,Unknown,UNKNOWN,17.132021,78.301613
59379,Unknown,UNKNOWN,17.135162,78.298885
59380,Kothur Thanda,Kothur Thanda,17.138822,78.295795
59381,Quthbuddinguda,Quthbuddinguda,17.363188,78.239771
59382,Yelkaguda-Moinabad,Yelkaguda-Moinabad,17.351205,78.227376
59383,Quthbuddinguda,Quthbuddinguda,17.363142,78.239726
59384,Peddaved-Shabad,Peddaved-Shabad,17.208349,78.195536
59385,Nandar Khan Pet,Nandar Khan Pet,17.195,78.194
59386,Lingareddy Guda-Shabad,Lingareddy Guda-Shabad,17.19,78.194
59387,Anthireddyguda-Shabad,Anthireddyguda-Shabad,17.204,78.175
59388,Machanpalle-Shabad,Machanpalle-Shabad,17.204,78.174
59389,Nagarkunta,Nagarkunta,17.188,78.166
59390,Daivaguda,Daivaguda,17.186,78.164
59391,Bhongirpalle,Bhongirpalle,17.179,78.15
59392,Jaibheem Colony Shabad,Jaibheem Colony Shabad,17.164,78.136
59393,Unknown,UNKNOWN,17.439024,78.126193
59394,Chandippa,Chandippa,17.442661,78.122457
59395,Yelwarthy,Yelwarthy,17.427458,78.144314
59396,Kojjagudem-Shankarpally,Kojjagudem-Shankarpally,17.42692,78.150666
59397,Tangutoor-Shankarpally,Tangutoor-Shankarpally,17.412318,78.17895
59398,Proddutur-Shankarpally,Proddutur-Shankarpally,17.402423,78.201244
59399,Unknown,UNKNOWN,17.173933,78.143107
59400,Bhongirpalle,Bhongirpalle,17.178956,78.149931
59401,Nagarkunta,Nagarkunta,17.187969,78.166
59402,Machanpalle-Shabad,Machanpalle-Shabad,17.203939,78.174071
59403,Anthireddyguda-Shabad,Anthireddyguda-Shabad,17.203908,78.174897
59404,Lingareddy Guda-Shabad,Lingareddy Guda-Shabad,17.189739,78.193603
59405,Nandar Khan Pet,Nandar Khan Pet,17.194986,78.194056
59406,Peddaved-Shabad,Peddaved-Shabad,17.208333,78.195477
59407,Thallapalle-Shabad,Thallapalle-Shabad,17.230025,78.122975
59408,Venkammaguda-Shabad,Venkammaguda-Shabad,17.228939,78.110476
59409,Timmareddyguda,Timmareddyguda,17.236143,78.111291
59410,Etlaerravaly-Shabad,Etlaerravaly-Shabad,17.246,78.094
59411,Venkammaguda-Shabad,Venkammaguda-Shabad,17.228939,78.110776
59412,Thallapalle-Shabad,Thallapalle-Shabad,17.230148,78.122824
59413,Malkapur Chevella,Malkapur Chevella,17.313,78.172
59414,Malkapur Chevella,Malkapur Chevella,17.323,78.173
59415,Nanal Nagar,Nanal Nagar,17.392811,78.426869
59416,Gudi Malkapur Market,Gudi Malkapur Market,17.384568,78.433953
59417,Proddutur-Shankarpally,Proddutur-Shankarpally,17.402336,78.201129
59418,Kojjagudem-Shankarpally,Kojjagudem-Shankarpally,17.426841,78.150569
59419,Yelwarthy,Yelwarthy,17.427335,78.144282
59420,Unknown,UNKNOWN,17.438901,78.126078
59421,Chandippa,Chandippa,17.442612,78.122277
59422,Bolligutta Thanda,Bolligutta Thanda,17.040433,78.630245
59423,Chintapallyguda,Chintapallyguda,17.222468,78.608471
59424,Malisettiguda-Ibrahimpatnam,Malisettiguda-Ibrahimpatnam,17.224165,78.618695
59425,Ramdaspalle-Ibrahimpatnam,Ramdaspalle-Ibrahimpatnam,17.235007,78.629992
59426,Star City,Star City,17.248787,78.626632
59427,Brahmanapally X Roads,Brahmanapally X Roads,17.258321,78.622879
59428,Star City,Star City,17.248872,78.626624
59429,Ramdaspalle-Ibrahimpatnam,Ramdaspalle-Ibrahimpatnam,17.234982,78.630007
59430,Malisettiguda-Ibrahimpatnam,Malisettiguda-Ibrahimpatnam,17.22399,78.61877
59431,Ibrahimpalle-Chevella,Ibrahimpalle-Chevella,17.31741,78.126124
59432,Damergidda,Damergidda,17.322434,78.10583
59433,Mirjaguda-Chevella,Mirjaguda-Chevella,17.30363,78.082989
59434,Unknown,UNKNOWN,17.301966,78.070993
59435,Khanapur Chevella,Khanapur Chevella,17.302965,78.062223
59436,Alur X Road,Alur X Road,17.309401,78.054575
59437,Unknown,UNKNOWN,17.317084,78.061697
59438,Aloor-1-Chevella,Aloor-1-Chevella,17.329349,78.067311
59439,Beerappa Temple,Beerappa Temple,17.343872,78.070805
59440,Tallaram X Roads,Tallaram X Roads,17.360433,78.075465
59441,Tallaram,Tallaram,17.359359,78.061165
59442,Tallaram X Roads,Tallaram X Roads,17.36052,78.075685
59443,Duddagu-Shankarpally,Duddagu-Shankarpally,17.361401,78.083291
59444,Tallaram X Roads,Tallaram X Roads,17.360466,78.075703
59445,Beerappa Temple,Beerappa Temple,17.344,78.071
59446,Aloor-1-Chevella,Aloor-1-Chevella,17.329183,78.067348
59447,Unknown,UNKNOWN,17.317,78.062
59448,Alur X Road,Alur X Road,17.309267,78.054643
59449,Khanapur Chevella,Khanapur Chevella,17.30307,78.062169
59450,Unknown,UNKNOWN,17.302,78.071
59451,Damergidda,Damergidda,17.32335,78.106586
59452,Ibrahimpalle-Chevella,Ibrahimpalle-Chevella,17.317476,78.126161
59453,Unknown,UNKNOWN,17.124612,78.760879
59454,Asmatpur-Manchal,Asmatpur-Manchal,17.125104,78.72615
59455,Japala,Japala,17.121,78.719
59456,Unknown,UNKNOWN,17.107755,78.714606
59457,Chukkapur,Chukkapur,16.880534,78.464192
59458,Talakondapalle,Talakondapalle,16.886927,78.417948
59459,Chandradana,Chandradana,16.854147,78.388357
59460,Veljala,Veljala,16.819996,78.362934
59461,Vemula-Midjil,Vemula-Midjil,16.78405,78.339622
59462,Midjil,Midjil,16.745096,78.323116
59463,Vemula-Midjil,Vemula-Midjil,16.784127,78.339445
59464,Veljala,Veljala,16.820034,78.362888
59465,Talakondapalle,Talakondapalle,16.887012,78.417996
59466,Kadthal-Amangal,Kadthal-Amangal,16.985689,78.501697
59467,Rachloor-Kandukur,Rachloor-Kandukur,17.124493,78.476914
59468,Sheep Farm,Sheep Farm,17.257102,78.475325
59469,Mucherla X Road,Mucherla X Road,17.009987,78.497913
59470,Barkas,Barkas,17.315636,78.47897
59471,Lingam Pally X Roads,Lingam Pally X Roads,17.191963,78.675134
59472,Andikonda,Andikonda,17.196659,78.686117
59473,Unknown,UNKNOWN,17.200941,78.698158
59474,Unknown,UNKNOWN,17.200736,78.698244
59475,Andikonda,Andikonda,17.196508,78.686185
59476,Lingam Pally X Roads,Lingam Pally X Roads,17.191737,78.675225
59477,Kanakamamidi,Kanakamamidi,17.304959,78.247408
59478,Kanakamamidi,Kanakamamidi,17.305052,78.247322
59479,Kanchemanguda,Kanchemanguda,17.284738,78.241485
59480,Chakaliguda X Road,Chakaliguda X Road,17.268997,78.240989
59481,Venkatapur-Moinabad,Venkatapur-Moinabad,17.250949,78.246624
59482,Chakaliguda X Road,Chakaliguda X Road,17.269074,78.240992
59483,Kanchemanguda,Kanchemanguda,17.284796,78.24146
59484,Thakkellapalle,Thakkellapalle,16.994594,78.679029
59485,Kothapalle-Yacharam,Kothapalle-Yacharam,16.972905,78.680128
59486,Kothapalle-Yacharam,Kothapalle-Yacharam,16.973066,78.680095
59487,Kurmidda-Yacharam,Kurmidda-Yacharam,17.032002,78.574201
59488,Bashamoniguda,Bashamoniguda,17.072,78.594
59489,Unknown,UNKNOWN,17.075723,78.603793
59490,Ricemill-Kothur,Ricemill-Kothur,17.065481,78.298873
59491,Kongaguda Tanda,Kongaguda Tanda,17.045481,78.302377
59492,Sangam-Keshampeta,Sangam-Keshampeta,17.027873,78.302093
59493,Puttoniguda,Puttoniguda,17.014273,78.302392
59494,Dattaipalle-Keshampeta,Dattaipalle-Keshampeta,17.004332,78.3034
59495,Vemulanarva-Keshampet,Vemulanarva-Keshampet,16.979472,78.312768
59496,Chintakuntapalle-Keshampeta,Chintakuntapalle-Keshampeta,16.959077,78.309031
59497,Chintakuntapalle Poultry Farm,Chintakuntapalle Poultry Farm,16.94317,78.313937
59498,Kondareddipally-Keshampeta,Kondareddipally-Keshampeta,16.931483,78.290208
59499,Pochamma Gadda Thanda,Pochamma Gadda Thanda,16.913256,78.28306
59500,Chinna Revalli,Chinna Revalli,16.89368,78.274058
59501,Modampalle,Modampalle,16.900507,78.262095
59502,Pedda Revalle,Pedda Revalle,16.91,78.263
59503,Sangam-Keshampeta,Sangam-Keshampeta,17.027868,78.301926
59504,Tirugundla Pally-Marriguda,Tirugundla Pally-Marriguda,16.96445,78.773779
59505,Yergandla Palle-Marriguda,Yergandla Palle-Marriguda,16.95878,78.820086
59506,Marriguda-Mall,Marriguda-Mall,16.940996,78.858435
59507,Vattipalle,Vattipalle,16.942847,78.87439
59508,Damera Bhemanapally-Marriguda,Damera Bhemanapally-Marriguda,16.952104,78.929279
59509,Neralla Palli-Nampally,Neralla Palli-Nampally,16.942005,78.992107
59510,Thummalapalle-Chandur,Thummalapalle-Chandur,16.950154,79.007642
59511,Papireddigudem-Chandur,Papireddigudem-Chandur,16.972023,79.013489
59512,Bangarigadda-Chandur,Bangarigadda-Chandur,16.984949,79.019034
59513,Angadipeta,Angadipeta,16.983649,79.03502
59514,Chandur-Nalgonda,Chandur-Nalgonda,16.980608,79.062693
59515,Kagazghat,Kagazghat,17.129727,78.68788
59516,Kagazghat,Kagazghat,17.129686,78.687741
59517,Polkangutta Thanda,Polkangutta Thanda,17.0364,78.322386
59518,Eklaskhampeta,Eklaskhampeta,17.017676,78.335454
59519,Alwal X Roads-Keshampeta,Alwal X Roads-Keshampeta,16.99995,78.34556
59520,Kothapeta-Keshampeta,Kothapeta-Keshampeta,16.985554,78.367355
59521,Patigadda-Keshampeta,Patigadda-Keshampeta,16.973865,78.361176
59522,Keshampeta-Keshampet,Keshampeta-Keshampet,16.952966,78.347317
59523,Unknown,UNKNOWN,16.951,78.367
59524,Chowlapalle East,Chowlapalle East,16.951239,78.389627
59525,Keshampeta-Keshampet,Keshampeta-Keshampet,16.952894,78.348103
59526,Eklaskhampeta,Eklaskhampeta,17.017563,78.33536
59527,Kothapeta-Keshampeta,Kothapeta-Keshampeta,16.986065,78.366492
59528,Unknown,UNKNOWN,16.950969,78.367078
59529,Patigadda-Keshampeta,Patigadda-Keshampeta,16.9748,78.347597
59530,Baljaguda,Baljaguda,17.338814,78.683535
59531,Patny Taj Tristar,Patny Taj Tristar,17.440335,78.495005
59532,Khader Bhai Hotel-Moinabad,Khader Bhai Hotel-Moinabad,17.326,78.274181
59533,Poultry Farm-Moinabad,Poultry Farm-Moinabad,17.309016,78.273447
59534,Surangal Quarters,Surangal Quarters,17.306875,78.274042
59535,Surangal,Surangal,17.297838,78.273261
59536,Surangal,Surangal,17.297833,78.273192
59537,Surangal Quarters,Surangal Quarters,17.306872,78.273978
59538,Janwada-Shankarpally,Janwada-Shankarpally,17.401806,78.258375
59539,Maharajpet Village,Maharajpet Village,17.40596,78.225143
59540,Gopularam,Gopularam,17.402241,78.221093
59541,Rangapur-Manchal,Rangapur-Manchal,17.087327,78.718393
59542,Unknown,UNKNOWN,17.077754,78.716569
59543,Jalalmiyapally,Jalalmiyapally,17.075749,78.708383
59544,Cheeded,Cheeded,17.069905,78.715212
59545,Dadpalle,Dadpalle,17.054,78.724
59546,Unknown,UNKNOWN,17.045512,78.730307
59547,Venkateshwara Tanda,Venkateshwara Tanda,17.040785,78.737994
59548,Maharajpet Village,Maharajpet Village,17.405981,78.225086
59549,Unknown,UNKNOWN,17.04544,78.730237
59550,Cheeded,Cheeded,17.06978,78.715169
59551,Unknown,UNKNOWN,17.077892,78.716269
59552,Rangapur-Manchal,Rangapur-Manchal,17.087291,78.718283
59553,Bongloor Village,Bongloor Village,17.230748,78.578891
59554,Bongloor Model School,Bongloor Model School,17.235405,78.571794
59555,Janwada-Shankarpally,Janwada-Shankarpally,17.401937,78.258367
59556,Tcs Deccan Park,Tcs Deccan Park,17.234137,78.56202
59557,Bongloor Village,Bongloor Village,17.230784,78.578977
59558,Chakaliguda-Moinabad,Chakaliguda-Moinabad,17.266615,78.235483
59559,Madnapur-Chintapally,Madnapur-Chintapally,16.92638,78.731619
59560,Kurmed Gate,Kurmed Gate,16.89113,78.753828
59561,Kurmed,Kurmed,16.880719,78.747653
59562,New Bhramanapalle-Madgul,New Bhramanapalle-Madgul,16.834758,78.730484
59563,Old Brahmanapalle-Madgul,Old Brahmanapalle-Madgul,16.832321,78.726152
59564,Irvin,Irvin,16.79056,78.705502
59565,Agraharam Thanda,Agraharam Thanda,16.749544,78.709847
59566,Sirsinagandla Gutta-Vangoor,Sirsinagandla Gutta-Vangoor,16.734004,78.714302
59567,Sirsangandla-Vangoor,Sirsangandla-Vangoor,16.730218,78.747055
59568,Charakonda,Charakonda,16.689762,78.704853
59569,Charakonda,Charakonda,16.690199,78.705872
59570,Sirsinagandla Gutta-Vangoor,Sirsinagandla Gutta-Vangoor,16.734158,78.714214
59571,Agraharam Thanda,Agraharam Thanda,16.749483,78.709885
59572,Ramadugula Madgul,Ramadugula Madgul,16.760123,78.706584
59573,Girikothapalle,Girikothapalle,16.767162,78.709381
59574,Irvin,Irvin,16.79059,78.705635
59575,Old Brahmanapalle-Madgul,Old Brahmanapalle-Madgul,16.832279,78.726374
59576,New Bhramanapalle-Madgul,New Bhramanapalle-Madgul,16.834021,78.734859
59577,Kurmaidu,Kurmaidu,16.880734,78.747404
59578,Kurmed Gate,Kurmed Gate,16.890723,78.753449
59579,Madnapur-Chintapally,Madnapur-Chintapally,16.926312,78.73159
59580,Andugula-Madgul,Andugula-Madgul,16.758893,78.769146
59581,Palle Thanda-Madgul,Palle Thanda-Madgul,16.794784,78.782256
59582,Arkapalle-Madgul,Arkapalle-Madgul,16.819638,78.763894
59583,Kolkulapally-Madgul,Kolkulapally-Madgul,16.912304,78.723355
59584,Ashramam-Machirevula,Ashramam-Machirevula,17.372962,78.349656
59585,Narsinghi,Narsinghi,17.385388,78.354832
59586,Narsingi X Roads,Narsingi X Roads,17.400708,78.352143
59587,Gachibowli,Gachibowli,17.438068,78.363124
59588,Kanduwada,Kanduwada,17.277004,78.176139
59589,Palgutta-Chevella,Palgutta-Chevella,17.287945,78.173835
59590,Unknown,UNKNOWN,17.296457,78.17605
59591,Unknown,UNKNOWN,17.214203,78.539608
59592,Unknown,UNKNOWN,17.213169,78.534402
59593,Alwal X Roads-Keshampeta,Alwal X Roads-Keshampeta,16.99974,78.345536
59594,Alwal-Keshampeta,Alwal-Keshampeta,16.991326,78.344286
59595,Keshampeta-Keshampet,Keshampeta-Keshampet,16.953058,78.346698
59596,Sundarapuram X Road,Sundarapuram X Road,16.92895,78.337771
59597,Kakunoor,Kakunoor,16.915263,78.334344
59598,Thommidi Rekula ( 9 Rekula ),Thommidi Rekula ( 9 Rekula ),16.88519,78.322306
59599,Thommidi Rekula ( 9 Rekula ),Thommidi Rekula ( 9 Rekula ),16.879115,78.32415
59600,Lingamdana,Lingamdana,16.869821,78.325664
59601,Unknown,UNKNOWN,16.885384,78.321919
59602,Kakunoor,Kakunoor,16.915206,78.334376
59603,Kolkulapally-Madgul,Kolkulapally-Madgul,16.912276,78.723199
59604,Narsaiahpally-Madgul,Narsaiahpally-Madgul,16.890975,78.7146
59605,Madgul,Madgul,16.850815,78.688567
59606,Old Brahmanapalle-Madgul,Old Brahmanapalle-Madgul,16.831814,78.729315
59607,Arkapalle-Madgul,Arkapalle-Madgul,16.819756,78.763883
59608,Palle Thanda-Madgul,Palle Thanda-Madgul,16.795,78.782
59609,Kakunoor,Kakunoor,16.914667,78.336431
59610,Appareddypally-Madgul,Appareddypally-Madgul,16.848,78.663
59611,Sajjan Pally X Road,Sajjan Pally X Road,17.300057,78.227929
59612,Sajjanpally-Moinabad,Sajjanpally-Moinabad,17.297367,78.218601
59613,Unknown,UNKNOWN,17.287,78.231
59614,Kethireddypally-Moinabad,Kethireddypally-Moinabad,17.273085,78.223461
59615,Sundarapuram X Road,Sundarapuram X Road,16.929063,78.33768
59616,Gandipet,Gandipet,17.384473,78.320071
59617,Osman Sagar,Osman Sagar,17.386562,78.316598
59618,Gandipet,Gandipet,17.384537,78.320039
59619,Shaikpet,Shaikpet,17.402869,78.399996
59620,Manchirevula,Manchirevula,17.377923,78.354347
59621,Vyasa Nagar,Vyasa Nagar,17.367719,78.350732
59622,Manchirevula,Manchirevula,17.3778,78.354319
59623,Yenkepalle-Chevella,Yenkepalle-Chevella,17.385,78.136
59624,Kammeta,Kammeta,17.377046,78.16283
59625,Kollur-Shankarpally,Kollur-Shankarpally,17.442681,78.252949
59626,Kollur-Shankarpally,Kollur-Shankarpally,17.442734,78.253001
59627,Jbiet College Amdapur X Road Bus Stop,Jbiet College Amdapur X Road Bus Stop,17.331119,78.29716
59628,Murthuzaguda X Road,Murthuzaguda X Road,17.311945,78.288177
59629,Murthuzaguda,Murthuzaguda,17.310506,78.282679
59630,Murthuzaguda X Road,Murthuzaguda X Road,17.306086,78.288853
59631,Nazeebnagar/Nadeempet,Nazeebnagar/Nadeempet,17.299095,78.289336
59632,Kasimbouli X Road,Kasimbouli X Road,17.284459,78.292729
59633,Amdapur-Moinabad,Amdapur-Moinabad,17.277588,78.291246
59634,Amdapur-Moinabad,Amdapur-Moinabad,17.27769,78.291495
59635,Kasimbouli X Road,Kasimbouli X Road,17.284643,78.292796
59636,Kasimbouli,Kasimbouli,17.286552,78.296631
59637,Kasimbouli X Road,Kasimbouli X Road,17.284605,78.292619
59638,Nazeebnagar/Nadeempet,Nazeebnagar/Nadeempet,17.299,78.289
59639,Murthuzaguda X Road,Murthuzaguda X Road,17.306199,78.288794
59640,Murthuzaguda X Road,Murthuzaguda X Road,17.312048,78.288252
59641,Kasimbouli,Kasimbouli,17.286715,78.296744
59642,Unknown,UNKNOWN,17.100771,78.610514
59643,Kondannaguda,Kondannaguda,17.046951,78.280412
59644,Veljerla,Veljerla,17.039637,78.272875
59645,Unknown,UNKNOWN,17.020348,78.267524
59646,Papireddyguda-Keshampet,Papireddyguda-Keshampet,17.007967,78.270918
59647,Guttalagadda,Guttalagadda,16.993494,78.27261
59648,Seriguda Madhurapur,Seriguda Madhurapur,16.988399,78.275957
59649,Ippalapalle-Keshampeta,Ippalapalle-Keshampeta,16.981884,78.283947
59650,Ragya Thanda,Ragya Thanda,16.961978,78.28181
59651,Pomalpalle,Pomalpalle,16.951974,78.286361
59652,Seriguda Madhurapur,Seriguda Madhurapur,16.988338,78.275732
59653,Guttalagadda,Guttalagadda,16.993414,78.272395
59654,Unknown,UNKNOWN,17.020319,78.267272
59655,Tholkatta X Roads,Tholkatta X Roads,17.313028,78.216765
59656,Unknown,UNKNOWN,17.308,78.215
59657,Tolkatta,Tolkatta,17.297973,78.208419
59658,Sv College,Sv College,17.28399,78.209648
59659,Yethbarpalle,Yethbarpalle,17.272019,78.206504
59660,Nakkalapalle-Moinabad,Nakkalapalle-Moinabad,17.258872,78.206643
59661,Nakkalapalle-Moinabad,Nakkalapalle-Moinabad,17.258859,78.206477
59662,Yethbarpalle,Yethbarpalle,17.271925,78.206459
59663,Sv College,Sv College,17.284047,78.209625
59664,Tolkatta,Tolkatta,17.297991,78.208371
59665,Unknown,UNKNOWN,17.308,78.214
59666,Cherlapally Water Tank,Cherlapally Water Tank,17.471166,78.596956
59667,Bongloor X Rd-Ibp,Bongloor X Rd-Ibp,17.241364,78.586513
59668,Unknown,UNKNOWN,17.26173,78.599643
59669,Brahmanapally,Brahmanapally,17.268229,78.617263
59670,Unknown,UNKNOWN,17.261564,78.599657
59671,Bdl Quarters Dathu Nagar,Bdl Quarters Dathu Nagar,17.331308,78.508821
59672,Unknown,UNKNOWN,17.032284,78.567382
59673,Unknown,UNKNOWN,17.030526,78.560988
59674,Mangalgadda Thanda,Mangalgadda Thanda,17.027304,78.552986
59675,Potugadda Thanda,Potugadda Thanda,17.02755,78.546922
59676,Utlapally-Kandukur,Utlapally-Kandukur,17.014,78.528
59677,Mucherla-Kandukur,Mucherla-Kandukur,17.014255,78.517163
59678,Saireddyguda X Road,Saireddyguda X Road,17.014193,78.510758
59679,Unknown,UNKNOWN,16.998319,78.501727
59680,Rajkhanguda-Amangal,Rajkhanguda-Amangal,16.966502,78.476039
59681,Makthamadharam,Makthamadharam,16.96801,78.449786
59682,Makthamadharam,Makthamadharam,16.958362,78.448686
59683,Takrajguda,Takrajguda,16.965668,78.473668
59684,Rajkhanguda-Amangal,Rajkhanguda-Amangal,16.966676,78.476018
59685,Unknown,UNKNOWN,16.971756,78.488367
59686,Unknown,UNKNOWN,16.99828,78.501617
59687,Saireddyguda X Road,Saireddyguda X Road,17.01388,78.510135
59688,Mucherla-Kandukur,Mucherla-Kandukur,17.014219,78.517056
59689,Utlapally-Kandukur,Utlapally-Kandukur,17.013911,78.527752
59690,Mangalgadda Thanda,Mangalgadda Thanda,17.027242,78.552906
59691,Unknown,UNKNOWN,17.032248,78.567411
59692,Unknown,UNKNOWN,17.030381,78.561033
59693,Unknown,UNKNOWN,17.166235,78.733081
59694,Chittapur-Manchal,Chittapur-Manchal,17.172085,78.742069
59695,Thallapalliguda-Manchal,Thallapalliguda-Manchal,17.187092,78.7369
59696,Unknown,UNKNOWN,17.180463,78.75457
59697,Tippaiguda,Tippaiguda,17.177203,78.775916
59698,Rachakonda Tanda,Rachakonda Tanda,17.181946,78.791889
59699,Tippaiguda,Tippaiguda,17.1771,78.776103
59700,Unknown,UNKNOWN,17.180258,78.754705
59701,Chittapur-Manchal,Chittapur-Manchal,17.171975,78.74213
59702,Unknown,UNKNOWN,17.166132,78.733231
59703,Chandkhanguda,Chandkhanguda,17.133311,78.729803
59704,Unknown,UNKNOWN,17.082219,78.577628
59705,Unknown,UNKNOWN,17.05103,78.569267
59706,Unknown,UNKNOWN,17.05103,78.569144
59707,Unknown,UNKNOWN,17.136292,78.770497
59708,Unknown,UNKNOWN,17.133536,78.788731
59709,Patel Chervu Tanda,Patel Chervu Tanda,17.131248,78.795364
59710,Unknown,UNKNOWN,17.133296,78.788731
59711,Unknown,UNKNOWN,17.13591,78.770514
59712,Dondaguda,Dondaguda,17.207246,78.719762
59713,Katikapally,Katikapally,17.092757,78.516567
59714,Gudoor Gate,Gudoor Gate,17.118462,78.505037
59715,Saraswathiguda X Road-Kandukur,Saraswathiguda X Road-Kandukur,17.185406,78.474596
59716,Unknown,UNKNOWN,16.996721,78.644718
59717,Unknown,UNKNOWN,16.991785,78.643956
59718,Unknown,UNKNOWN,16.98488,78.643119
59719,Unknown,UNKNOWN,16.96096,78.639922
59720,Cherikonda Patti Padkal,Cherikonda Patti Padkal,16.949207,78.6414
59721,Unknown,UNKNOWN,16.911798,78.620396
59722,Cherikonda Palakurthy,Cherikonda Palakurthy,16.919179,78.642374
59723,Mudwin-Amangal,Mudwin-Amangal,16.904264,78.603128
59724,Mudwin-Amangal,Mudwin-Amangal,16.907678,78.604882
59725,Unknown,UNKNOWN,16.912065,78.620224
59726,Unknown,UNKNOWN,16.960762,78.639436
59727,Pallecheluku Tanda,Pallecheluku Tanda,16.976173,78.642277
59728,Unknown,UNKNOWN,16.984767,78.642889
59729,Unknown,UNKNOWN,16.991874,78.643213
59730,Unknown,UNKNOWN,16.996659,78.644503
59731,Saree Thanda,Saree Thanda,16.955922,78.677956
59732,Korra Tanda-Madgul,Korra Tanda-Madgul,16.923379,78.678164
59733,Katramtanda,Katramtanda,16.918008,78.676145
59734,Korra Thanda X Road,Korra Thanda X Road,16.901641,78.671905
59735,Unknown,UNKNOWN,16.89735,78.665789
59736,Nagilla-Madgul,Nagilla-Madgul,16.898,78.659
59737,Appareddypally-Madgul,Appareddypally-Madgul,16.882318,78.675797
59738,Dodlapahad,Dodlapahad,16.873368,78.634719
59739,Aurpalle X Road,Aurpalle X Road,16.872393,78.627532
59740,Shetti Pally-Amangal,Shetti Pally-Amangal,16.887975,78.619587
59741,Murthuja Palli,Murthuja Palli,16.856442,78.569734
59742,Murthuja Palli,Murthuja Palli,16.856504,78.569133
59743,Dodlapahad,Dodlapahad,16.873614,78.63415
59744,Appareddypally-Madgul,Appareddypally-Madgul,16.882264,78.675896
59745,Unknown,UNKNOWN,16.897492,78.665408
59746,Katramtanda,Katramtanda,16.918006,78.676116
59747,Korra Tanda-Madgul,Korra Tanda-Madgul,16.923341,78.67824
59748,Turkayamjal-Hayathnagar,Turkayamjal-Hayathnagar,17.269899,78.574089
59749,Unknown,UNKNOWN,17.124694,78.761137
59750,Chennareddyguda,Chennareddyguda,17.103459,78.775436
59751,Unknown,UNKNOWN,17.099315,78.780271
59752,Unknown,UNKNOWN,17.09567,78.787715
59753,Bandalemoor,Bandalemoor,17.091306,78.7953
59754,Ajjina Thanda,Ajjina Thanda,17.080884,78.798658
59755,Bandalemoor,Bandalemoor,17.091276,78.795168
59756,Unknown,UNKNOWN,17.095593,78.787701
59757,Chennareddyguda,Chennareddyguda,17.103353,78.775358
59758,Unknown,UNKNOWN,17.107847,78.714391
59759,Thallapalliguda-Manchal,Thallapalliguda-Manchal,17.187,78.737
59760,Unknown,UNKNOWN,17.203445,78.742355
59761,Unknown,UNKNOWN,17.203268,78.74235
59762,Pavurala Gutta,Pavurala Gutta,17.250294,78.762134
59763,Unknown,UNKNOWN,17.281607,78.758018
59764,Malkapur-Choutppal,Malkapur-Choutppal,17.276184,78.798012
59765,Malkpur Darga,Malkpur Darga,17.275764,78.808526
59766,Unknown,UNKNOWN,17.258535,78.861486
59767,Unknown,UNKNOWN,17.257952,78.861794
59768,Malkapur-Choutppal,Malkapur-Choutppal,17.275979,78.797936
59769,Unknown,UNKNOWN,17.28186,78.758122
59770,Pavurala Gutta,Pavurala Gutta,17.250324,78.76237
59771,Unknown,UNKNOWN,17.161253,78.745784
59772,Unknown,UNKNOWN,17.148633,78.74808
59773,Unknown,UNKNOWN,17.148582,78.747811
59774,Unknown,UNKNOWN,17.161263,78.745633
59775,Kurmed Gate,Kurmed Gate,16.890654,78.753532
59776,Kurmapalli-Chinthapally,Kurmapalli-Chinthapally,16.881976,78.760219
59777,Saireddy Gudem,Saireddy Gudem,16.886448,78.784745
59778,Kurmapalli-Chinthapally,Kurmapalli-Chinthapally,16.884,78.793
59779,Saireddy Gudem,Saireddy Gudem,16.898,78.79
59780,Pk Mallepally-Chinthapally,Pk Mallepally-Chinthapally,16.903352,78.815829
59781,Kistarampally-Marriguda,Kistarampally-Marriguda,16.897268,78.826207
59782,Narasimhapuram-Marriguda,Narasimhapuram-Marriguda,16.889183,78.839103
59783,Chintapally X Road,Chintapally X Road,16.879897,78.846951
59784,Thungaphad,Thungaphad,16.870283,78.870171
59785,Tungapathi Gouraram (Tp Gouraram),Tungapathi Gouraram (Tp Gouraram),16.879133,78.887361
59786,Mallapurajupally-Nampally,Mallapurajupally-Nampally,16.870149,78.90898
59787,Thungaphad,Thungaphad,16.870016,78.869884
59788,Hydelapur,Hydelapur,16.877464,78.855121
59789,Chintapally X Road,Chintapally X Road,16.879687,78.846817
59790,Kistarampally-Marriguda,Kistarampally-Marriguda,16.897247,78.826126
59791,Pk Mallepally-Chinthapally,Pk Mallepally-Chinthapally,16.903047,78.8161
59792,Saireddy Gudem,Saireddy Gudem,16.899417,78.790299
59793,Kurmapalli-Chinthapally,Kurmapalli-Chinthapally,16.882,78.76
59794,Arkapally X Road,Arkapally X Road,16.83828,78.789462
59795,Vinjamoor,Vinjamoor,16.830858,78.801802
59796,Chinthapally X Road,Chinthapally X Road,16.817934,78.828449
59797,Chinthapalli-Devarakonda,Chinthapalli-Devarakonda,16.802836,78.820649
59798,Humanthula Palli,Humanthula Palli,16.779099,78.805983
59799,Humanthula Palli,Humanthula Palli,16.778991,78.805897
59800,Mallareddi Palli-Chinthapally,Mallareddi Palli-Chinthapally,16.77161,78.830742
59801,Korrabhagya Tanda,Korrabhagya Tanda,16.747582,78.848094
59802,Mudigonda-Devarakonda,Mudigonda-Devarakonda,16.739691,78.861414
59803,Kamalpur-Devarakonda,Kamalpur-Devarakonda,16.729437,78.859649
59804,Gottimukkala-Devarakonda,Gottimukkala-Devarakonda,16.734,78.831
59805,Iddam Palli,Iddam Palli,16.732,78.781
59806,Jillepaly-Devarakonda,Jillepaly-Devarakonda,16.71333,78.806214
59807,Jillepaly-Devarakonda,Jillepaly-Devarakonda,16.71342,78.806194
59808,Gottimukkala-Devarakonda,Gottimukkala-Devarakonda,16.734215,78.830252
59809,Kamalpur-Devarakonda,Kamalpur-Devarakonda,16.729402,78.859558
59810,Mudigonda-Devarakonda,Mudigonda-Devarakonda,16.739922,78.86143
59811,Korrabhagya Tanda,Korrabhagya Tanda,16.747422,78.848228
59812,Mallareddi Palli-Chinthapally,Mallareddi Palli-Chinthapally,16.771492,78.830756
59813,Humanthula Palli,Humanthula Palli,16.761,78.802
59814,Chinthapalli-Devarakonda,Chinthapalli-Devarakonda,16.802908,78.820553
59815,Chinthapally X Road,Chinthapally X Road,16.817874,78.828705
59816,Arkapally X Road,Arkapally X Road,16.838101,78.789544
59817,Unknown,UNKNOWN,16.972269,78.750665
59818,Tirugundla Pally-Marriguda,Tirugundla Pally-Marriguda,16.96486,78.773644
59819,Tammad Palle-Marriguda,Tammad Palle-Marriguda,16.971865,78.775013
59820,Unknown,UNKNOWN,16.97212,78.750644
59821,Rci Gate,Rci Gate,17.262732,78.475535
59822,Banjar Tanda-Kandukur,Banjar Tanda-Kandukur,17.103068,78.428744
59823,Bokkal Tanda,Bokkal Tanda,17.092,78.425
59824,Kk Basthi-Kandukur,Kk Basthi-Kandukur,17.082128,78.419976
59825,Pulumamidi-Kandukur,Pulumamidi-Kandukur,17.065744,78.419159
59826,Dhannaram,Dhannaram,17.047153,78.409011
59827,Chippalpalle,Chippalpalle,17.047743,78.397035
59828,Murlinagar,Murlinagar,17.028,78.395
59829,Unknown,UNKNOWN,17.020447,78.390948
59830,Konaiapally-Keshampeta,Konaiapally-Keshampeta,17.010038,78.387229
59831,Santhapur,Santhapur,16.988269,78.380097
59832,Patigadda-Keshampeta,Patigadda-Keshampeta,16.974863,78.347492
59833,Santhapur,Santhapur,16.988122,78.379989
59834,Konaiapally-Keshampeta,Konaiapally-Keshampeta,17.010156,78.387194
59835,Unknown,UNKNOWN,17.02056,78.39093
59836,Murlinagar,Murlinagar,17.027,78.395
59837,Dhannaram,Dhannaram,17.047204,78.408952
59838,Pulumamidi-Kandukur,Pulumamidi-Kandukur,17.066,78.424
59839,Bokkal Tanda,Bokkal Tanda,17.091,78.424
59840,Banjar Tanda-Kandukur,Banjar Tanda-Kandukur,17.10313,78.428703
59841,Manorabad-Manchal,Manorabad-Manchal,17.189318,78.698818
59842,Kandukur (Klky),Kandukur (Klky),17.064641,78.488817
59843,Annojiguda-Kandukur,Annojiguda-Kandukur,17.071658,78.514716
59844,Unknown,UNKNOWN,17.056846,78.508773
59845,Debbadaguda,Debbadaguda,17.046915,78.495405
59846,Gudoor Gate,Gudoor Gate,17.114604,78.504428
59847,Katikapally,Katikapally,17.100833,78.501563
59848,Unknown,UNKNOWN,17.110216,78.503999
59849,Unknown,UNKNOWN,17.086763,78.800211
59850,Unknown,UNKNOWN,17.090024,78.808429
59851,Kevu Tanda,Kevu Tanda,17.08625,78.842509
59852,Daku Tanda,Daku Tanda,17.082584,78.853013
59853,Badi Tanda-Narayanapuram,Badi Tanda-Narayanapuram,17.084748,78.853312
59854,Radhanagar Tanda,Radhanagar Tanda,17.086174,78.853818
59855,Botimida Tanda,Botimida Tanda,17.098609,78.85722
59856,Sapavath Tanda,Sapavath Tanda,17.098302,78.865095
59857,Marri Bhavi Tanda,Marri Bhavi Tanda,17.096772,78.870485
59858,Vaila Palle,Vaila Palle,17.0963,78.896424
59859,Jangam-Narayanapuram,Jangam-Narayanapuram,17.110119,78.899235
59860,Unknown,UNKNOWN,17.133327,78.890161
59861,Unknown,UNKNOWN,17.151073,78.881396
59862,Narayanapur-Choutuppal,Narayanapur-Choutuppal,17.162042,78.882013
59863,Unknown,UNKNOWN,17.16789,78.883966
59864,Chimiriyala-Narayanapuram,Chimiriyala-Narayanapuram,17.188355,78.887334
59865,Guddi Malkapuram,Guddi Malkapuram,17.206926,78.895161
59866,Damera,Damera,17.226642,78.890506
59867,Thangada Pally-Choutuppal,Thangada Pally-Choutuppal,17.234114,78.894072
59868,Thangada Pally-Choutuppal,Thangada Pally-Choutuppal,17.233776,78.894078
59869,Guddi Malkapuram,Guddi Malkapuram,17.206012,78.895043
59870,Chimiriyala-Narayanapuram,Chimiriyala-Narayanapuram,17.188306,78.887383
59871,Unknown,UNKNOWN,17.167814,78.884154
59872,Unknown,UNKNOWN,17.151104,78.881525
59873,Unknown,UNKNOWN,17.133378,78.89043
59874,Jangam-Narayanapuram,Jangam-Narayanapuram,17.110133,78.899286
59875,Marri Bhavi Tanda,Marri Bhavi Tanda,17.096716,78.870458
59876,Sapavath Tanda,Sapavath Tanda,17.098177,78.865174
59877,Botimida Tanda,Botimida Tanda,17.098546,78.857342
59878,Radhanagar Tanda,Radhanagar Tanda,17.086158,78.853887
59879,Badi Tanda-Narayanapuram,Badi Tanda-Narayanapuram,17.084748,78.853378
59880,Kevu Tanda,Kevu Tanda,17.086194,78.842509
59881,Unknown,UNKNOWN,17.089963,78.808445
59882,Unknown,UNKNOWN,17.08665,78.800318
59883,Mansanpally X Road,Mansanpally X Road,17.137843,78.379582
59884,Muchintal,Muchintal,17.173,78.332
59885,Jims Hospital,Jims Hospital,17.186,78.328
59886,Jims Hospital,Jims Hospital,17.187,78.327
59887,Muchintal,Muchintal,17.174,78.332
59888,Ameerpet-Maheswaram,Ameerpet-Maheswaram,17.149715,78.343217
59889,Unknown,UNKNOWN,17.161278,78.32958
59890,Palmakole Model High School,Palmakole Model High School,17.186684,78.312639
59891,Unknown,UNKNOWN,17.161181,78.329709
59892,Ragaipally,Ragaipally,16.812231,78.533117
59893,Peddapur-Veldanda,Peddapur-Veldanda,16.781975,78.537349
59894,Veldanda,Veldanda,16.745,78.536
59895,Bollampally-Veldanda,Bollampally-Veldanda,16.758,78.593
59896,Challapally,Challapally,16.753896,78.597477
59897,Chedurvalli,Chedurvalli,16.744505,78.623987
59898,Bhairpur,Bhairpur,16.76,78.657
59899,Appareddypally Thanda,Appareddypally Thanda,16.755256,78.670877
59900,Appareddypally Thanda,Appareddypally Thanda,16.755179,78.670875
59901,Bhairpur,Bhairpur,16.760064,78.656973
59902,Chedurvalli,Chedurvalli,16.744399,78.62393
59903,Challapally,Challapally,16.753764,78.597353
59904,Bollampally-Veldanda,Bollampally-Veldanda,16.757999,78.592608
59905,Veldanda,Veldanda,16.744503,78.535781
59906,Peddapur-Veldanda,Peddapur-Veldanda,16.782137,78.53725
59907,Seriappareddipalle,Seriappareddipalle,16.758495,78.684859
59908,Seriappareddipalle,Seriappareddipalle,16.758425,78.684897
59909,Mallareddy Farm,Mallareddy Farm,17.044,78.462
59910,Nednur,Nednur,17.034592,78.449185
59911,Bachupalle-Kandukur,Bachupalle-Kandukur,17.054418,78.438368
59912,Pulumamidi-Kandukur,Pulumamidi-Kandukur,17.065952,78.423948
59913,Bachupalle-Kandukur,Bachupalle-Kandukur,17.054367,78.438158
59914,K K Basti,K K Basti,17.032,78.447
59915,Manyamguda-Kandukur,Manyamguda-Kandukur,17.02872,78.454227
59916,K K Basti,K K Basti,17.031987,78.447195
59917,Ntr X Roads,Ntr X Roads,17.161,78.388
59918,Nagaram-Maheswaram,Nagaram-Maheswaram,17.183194,78.39163
59919,Pedda Golconda,Pedda Golconda,17.197077,78.396662
59920,Rasheedguda,Rasheedguda,17.227054,78.398845
59921,Gollapally-Shamshabad,Gollapally-Shamshabad,17.237,78.4
59922,Gollapally-Shamshabad,Gollapally-Shamshabad,17.238,78.398
59923,Rasheedguda,Rasheedguda,17.227041,78.398926
59924,Pedda Golconda,Pedda Golconda,17.196954,78.396678
59925,Nagaram-Maheswaram,Nagaram-Maheswaram,17.183071,78.391684
59926,Ntr X Roads,Ntr X Roads,17.161484,78.388256
59927,Kalvakol X Roads,Kalvakol X Roads,17.124888,78.374244
59928,Unknown,UNKNOWN,17.070016,78.362217
59929,Siddapur-Kothur,Siddapur-Kothur,17.056013,78.35567
59930,Bhairkhanpalle-Keshampet,Bhairkhanpalle-Keshampet,17.03351,78.352604
59931,Mangalguda-Keshampet,Mangalguda-Keshampet,17.019153,78.352827
59932,Poultry Farm-Alwal,Poultry Farm-Alwal,17.012044,78.356059
59933,Unknown,UNKNOWN,17.003595,78.359728
59934,Keshampeta-Keshampet,Keshampeta-Keshampet,16.953201,78.346747
59935,Bodunampally X Road,Bodunampally X Road,16.93292,78.349592
59936,Unknown,UNKNOWN,16.923058,78.35093
59937,Lemamidi,Lemamidi,16.915173,78.357917
59938,Nirdavally,Nirdavally,16.900364,78.349139
59939,Lemamidi,Lemamidi,16.915064,78.358057
59940,Unknown,UNKNOWN,16.922987,78.350737
59941,Bodunampally X Road,Bodunampally X Road,16.932886,78.349498
59942,Mangalguda-Keshampet,Mangalguda-Keshampet,17.019015,78.352741
59943,Bhairkhanpalle-Keshampet,Bhairkhanpalle-Keshampet,17.033454,78.352518
59944,Kollapadkal,Kollapadkal,17.080507,78.363783
59945,Kalwakole,Kalwakole,17.126816,78.361552
59946,Ricemill-Kothur,Ricemill-Kothur,17.063144,78.300805
59947,Kongaguda Tanda,Kongaguda Tanda,17.045553,78.302361
59948,Ramakrishnapuram-Thalakondapally,Ramakrishnapuram-Thalakondapally,16.917741,78.352443
59949,Lingarapalle,Lingarapalle,16.913846,78.360914
59950,Turkalapally-Keshampeta,Turkalapally-Keshampeta,16.910228,78.370655
59951,Gandhi Shankarpally,Gandhi Shankarpally,16.901613,78.387659
59952,Chinthalapally,Chinthalapally,16.861726,78.481248
59953,Unknown,UNKNOWN,16.861966,78.481736
59954,Talakondapalle,Talakondapalle,16.887951,78.413727
59955,Gandhi Shankarpally,Gandhi Shankarpally,16.901672,78.387719
59956,Turkalapally-Keshampeta,Turkalapally-Keshampeta,16.910474,78.370092
59957,Lingarapalle,Lingarapalle,16.913964,78.360972
59958,Ramakrishnapuram-Thalakondapally,Ramakrishnapuram-Thalakondapally,16.917788,78.352513
59959,Ricemill-Kothur,Ricemill-Kothur,17.063144,78.300505
59960,Unknown,UNKNOWN,17.083902,78.893595
59961,Chillapuram-Narayanapuram,Chillapuram-Narayanapuram,17.072503,78.890081
59962,Lachammagudem,Lachammagudem,17.066427,78.895478
59963,Ghattuppal,Ghattuppal,17.070923,78.919156
59964,Vaddepally,Vaddepally,16.896767,78.920107
59965,Peddapur-Nampally,Peddapur-Nampally,16.900137,78.971958
59966,Ramdas Thanda-Nampally,Ramdas Thanda-Nampally,16.918224,78.983744
59967,Narasimhula Gudem-Tripuraram,Narasimhula Gudem-Tripuraram,16.933989,78.992289
59968,Papireddigudem-Chandur,Papireddigudem-Chandur,16.971982,79.013436
59969,Thummalapalle-Chandur,Thummalapalle-Chandur,16.950262,79.007766
59970,Peddapur-Nampally,Peddapur-Nampally,16.900147,78.972006
59971,Nampalli-Devarakonda,Nampalli-Devarakonda,16.885159,78.960736
59972,Marriguda-Mall,Marriguda-Mall,16.941,78.858
59973,Yergandla Palle-Marriguda,Yergandla Palle-Marriguda,16.958751,78.820223
59974,Spoorthy Engg Clg,Spoorthy Engg Clg,17.279681,78.55345
59975,Bn Reddy Nagar,Bn Reddy Nagar,17.320774,78.560814
59976,Vijayanagar Colony-Lb.Nagar,Vijayanagar Colony-Lb.Nagar,17.3225,78.572282
59977,Bn Reddy Nagar,Bn Reddy Nagar,17.32069,78.560774
59978,Mandha Mallamma,Mandha Mallamma,17.338,78.523
59979,Gaddiannaram,Gaddiannaram,17.368774,78.518849
59980,Kala Dera,Kala Dera,17.376967,78.494917
59981,Padamati Palli-Devarakonda,Padamati Palli-Devarakonda,16.690085,78.802455
59982,Kandukur-Gundla Palle,Kandukur-Gundla Palle,16.655337,78.781124
59983,Rahamanthapur-Gundlapally-Dindi,Rahamanthapur-Gundlapally-Dindi,16.646122,78.748648
59984,Padamati Palli-Devarakonda,Padamati Palli-Devarakonda,16.690641,78.802448
59985,Jangareddy Pally-Thalakondapally,Jangareddy Pally-Thalakondapally,16.853,78.43
59986,Chowdarpally-Thalakondapally,Chowdarpally-Thalakondapally,16.817738,78.384203
59987,Chowdarpally-Amangal,Chowdarpally-Amangal,16.815096,78.515905
59988,Jangareddy Pally-Thalakondapally,Jangareddy Pally-Thalakondapally,16.853187,78.429937
59989,Unknown,UNKNOWN,17.099397,78.368901
59990,Jandaguda,Jandaguda,17.08662,78.367072
59991,Jandaguda,Jandaguda,17.090681,78.354363
59992,Jandaguda,Jandaguda,17.086676,78.36719
59993,Bahadurguda,Bahadurguda,17.206729,78.398435
59994,Appareddypally-Madgul,Appareddypally-Madgul,16.847978,78.663166
59995,Manikyammaguda,Manikyammaguda,17.135873,78.334567
59996,Nalacheru Thanda,Nalacheru Thanda,17.137715,78.319795
59997,Unknown,UNKNOWN,17.147577,78.324409
59998,Chinna Tupra,Chinna Tupra,17.158,78.322
59999,Peddatopra,Peddatopra,17.163744,78.307897
60000,Thimmapur-Kothur,Thimmapur-Kothur,17.167,78.301
60001,Ravichedu,Ravichedu,16.983167,78.416462
60002,Padkal-Talakondapalle,Padkal-Talakondapalle,16.936316,78.400828
60003,Lingarapalle,Lingarapalle,16.924072,78.381118
60004,Padkal-Talakondapalle,Padkal-Talakondapalle,16.936481,78.400732
60005,Takrajguda,Takrajguda,16.965589,78.473765
60006,Thommidi Rekula ( 9 Rekula ),Thommidi Rekula ( 9 Rekula ),16.87982,78.320986
60007,Ekwaipally,Ekwaipally,16.864887,78.312001
60008,Unknown,UNKNOWN,16.857849,78.305354
60009,Pedda Adiryal,Pedda Adiryal,16.851939,78.298477
60010,Chinna Adiryal,Chinna Adiryal,16.838,78.301
60011,Unknown,UNKNOWN,16.857941,78.305236
60012,Ekwaipally,Ekwaipally,16.864646,78.312011
60013,Lenkala Palle,Lenkala Palle,16.987681,78.948183
60014,Donipamula,Donipamula,16.981461,78.980946
60015,Chandur-Nalgonda,Chandur-Nalgonda,16.983649,79.035194
60016,Kasthala,Kasthala,16.951114,79.075631
60017,Donipamula,Donipamula,16.981409,78.980858
60018,Lenkala Palle,Lenkala Palle,16.987256,78.94818
60019,Babukhanestate,Babukhanestate,17.371503,78.540879
60020,Shaikpet Nala,Shaikpet Nala,17.40601,78.403403
60021,Vasudeva Bloom Field,Vasudeva Bloom Field,17.456447,78.296648
60022,Tellapur,Tellapur,17.462678,78.28748
60023,Osman Nagar,Osman Nagar,17.441855,78.272084
60024,Kollur Double Bed Room,Kollur Double Bed Room,17.434329,78.25696
60025,Kollur Double Bed Room,Kollur Double Bed Room,17.434462,78.257065
60026,Osman Nagar,Osman Nagar,17.442136,78.271977
60027,Tellapur,Tellapur,17.462964,78.287373
60028,Vasudeva Bloom Field,Vasudeva Bloom Field,17.456222,78.297034
60029,Chinna Adiryal,Chinna Adiryal,16.838216,78.299248
60030,Unknown,UNKNOWN,16.844274,78.290076
60031,Konded,Konded,16.832177,78.284808
60032,Unknown,UNKNOWN,16.831294,78.274895
60033,Singamdoddi,Singamdoddi,16.815238,78.267433
60034,Donur,Donur,16.79046,78.264842
60035,Unknown,UNKNOWN,16.831469,78.274691
60036,Unknown,UNKNOWN,16.844346,78.289948
60037,Alwal-Keshampeta,Alwal-Keshampeta,16.991352,78.344243
60038,Unknown,UNKNOWN,17.12264,78.31
60039,Penjerla,Penjerla,17.109805,78.32163
60040,Kodicherla,Kodicherla,17.093855,78.332428
60041,Jandaguda,Jandaguda,17.091125,78.351083
60042,Palguda-Maheswaram,Palguda-Maheswaram,17.086563,78.351316
60043,Seriguda,Seriguda,17.0808,78.355865
60044,Kodicherla,Kodicherla,17.093867,78.332351
60045,Unknown,UNKNOWN,17.122617,78.309941
60046,Kalone Thanda,Kalone Thanda,17.058236,78.303042
60047,Kalone Thanda,Kalone Thanda,17.058564,78.302892
60048,Peddatopra,Peddatopra,17.162729,78.309023
60049,Chinna Tupra,Chinna Tupra,17.157747,78.322445
60050,Unknown,UNKNOWN,17.284,78.266
60051,Sri Ram Nagar-Moinabad,Sri Ram Nagar-Moinabad,17.267332,78.255765
60052,Aurpally,Aurpally,16.864487,78.616421
60053,Bangarugadda-Amangal,Bangarugadda-Amangal,16.856,78.647
60054,Narsaiahpally-Madgul,Narsaiahpally-Madgul,16.891007,78.714582
60055,Devuni Erravelly X Road,Devuni Erravelly X Road,17.334201,78.133124
60056,Sagar College,Sagar College,17.343982,78.130823
60057,Urella,Urella,17.35601,78.133119
60058,Urella,Urella,17.357451,78.130364
60059,Sagar College,Sagar College,17.343777,78.130893
60060,Devuni Erravelly,Devuni Erravelly,17.337148,78.143526
60061,Unknown,UNKNOWN,17.33012,78.149475
60062,Ramanujapur-Shamshabad,Ramanujapur-Shamshabad,17.234601,78.247451
60063,Chegur Ricemill,Chegur Ricemill,17.221,78.233
60064,Maddur-Shabad,Maddur-Shabad,17.210923,78.228815
60065,Bandoni Guda,Bandoni Guda,17.191612,78.229568
60066,Chegur-Kothur,Chegur-Kothur,17.173872,78.228943
60067,Kanha Shanthi Vanam,Kanha Shanthi Vanam,17.185149,78.224121
60068,Chegur-Kothur,Chegur-Kothur,17.174915,78.228058
60069,Bandoni Guda,Bandoni Guda,17.191448,78.229566
60070,Maddur-Shabad,Maddur-Shabad,17.211057,78.228686
60071,Chegur Ricemill,Chegur Ricemill,17.220895,78.233042
60072,Unknown,UNKNOWN,17.174835,78.223557
60073,Kanha Shanthi Vanam,Kanha Shanthi Vanam,17.175043,78.219007
60074,Unknown,UNKNOWN,17.179388,78.222826
60075,Unknown,UNKNOWN,17.182648,78.224103
60076,Unknown,UNKNOWN,17.180637,78.22419
60077,Unknown,UNKNOWN,17.179376,78.222935
60078,Unknown,UNKNOWN,17.180401,78.219105
60079,Unknown,UNKNOWN,17.176793,78.219062
60080,Kanha Shanthi Vanam,Kanha Shanthi Vanam,17.175066,78.219132
60081,Unknown,UNKNOWN,17.174917,78.223579
60082,Unknown,UNKNOWN,17.176794,78.218867
60083,Unknown,UNKNOWN,17.180402,78.218932
60084,Unknown,UNKNOWN,17.180638,78.224088
60085,Ekwaipally,Ekwaipally,16.927,78.565
60086,Mudwin-Amangal,Mudwin-Amangal,16.907676,78.604844
60087,Kothur-Shadnagar,Kothur-Shadnagar,17.147551,78.28866
60088,Thummaloor,Thummaloor,17.128764,78.460118
60089,Bairaguda-Kandukur,Bairaguda-Kandukur,17.120367,78.497483
60090,Gudoor Gate,Gudoor Gate,17.118513,78.50505
60091,Unknown,UNKNOWN,17.117294,78.519495
60092,Timmapur-Kandukur,Timmapur-Kandukur,17.130471,78.557729
60093,Rachloor-Kandukur,Rachloor-Kandukur,17.11474,78.53707
60094,Bairaguda-Kandukur,Bairaguda-Kandukur,17.120274,78.497626
60095,Nalgonda X Road,Nalgonda X Road,17.375414,78.497878
60096,Unknown,UNKNOWN,17.095965,78.388474
60097,Akanpalle,Akanpalle,17.088,78.39
60098,Ramachandragudem-Maheswaram,Ramachandragudem-Maheswaram,17.129743,78.385845
60099,Nandipalle-Maheswaram,Nandipalle-Maheswaram,17.188314,78.40238
60100,Kothaguda X Roads,Kothaguda X Roads,17.06789,78.473596
60101,Unknown,UNKNOWN,17.070057,78.464034
60102,Jaithwaram Maqta,Jaithwaram Maqta,17.069969,78.442136
60103,Unknown,UNKNOWN,17.067944,78.432662
60104,Santhapur,Santhapur,16.989,78.381
60105,Unknown,UNKNOWN,17.070222,78.464093
60106,Kothaguda X Roads,Kothaguda X Roads,17.068071,78.47356
60107,Unknown,UNKNOWN,16.947888,78.335927
60108,Unknown,UNKNOWN,16.941543,78.307929
60109,Kondareddipally-Keshampeta,Kondareddipally-Keshampeta,16.931177,78.290066
60110,Unknown,UNKNOWN,16.94179,78.307929
60111,Unknown,UNKNOWN,16.948091,78.335867
60112,Unknown,UNKNOWN,17.11766,78.430088
60113,Unknown,UNKNOWN,17.058959,78.429723
60114,Unknown,UNKNOWN,17.259397,78.404263
60115,Sri Sai Dharmagiri Kshetram,Sri Sai Dharmagiri Kshetram,17.25931,78.418302
60116,Unknown,UNKNOWN,17.259174,78.43181
60117,Unknown,UNKNOWN,17.265734,78.460472
60118,Unknown,UNKNOWN,17.058857,78.429551
60119,Unknown,UNKNOWN,17.117619,78.430259
60120,Unknown,UNKNOWN,17.034618,78.715185
60121,Mandigowrelly-Yacharam,Mandigowrelly-Yacharam,17.037254,78.702211
60122,Kgbv School-Yacharam,Kgbv School-Yacharam,17.038,78.682
60123,Unknown,UNKNOWN,17.034598,78.715029
60124,Peddamma Thanda-Maheswaram,Peddamma Thanda-Maheswaram,17.09026,78.414065
60125,Pochamma Gadda-Maheswaram,Pochamma Gadda-Maheswaram,17.092432,78.423155
60126,Thommidi Rekula ( 9 Rekula ),Thommidi Rekula ( 9 Rekula ),16.877131,78.324838
60127,Unknown,UNKNOWN,16.866145,78.341553
60128,Julapalle,Julapalle,16.858958,78.358468
60129,Unknown,UNKNOWN,16.855048,78.378198
60130,Rampur-Thalakondapally,Rampur-Thalakondapally,16.847601,78.40525
60131,Medakpally-Talakondapalle,Medakpally-Talakondapalle,16.837774,78.418543
60132,Unknown,UNKNOWN,16.823346,78.426086
60133,Unknown,UNKNOWN,16.774179,78.454914
60134,Jakanalapalle,Jakanalapalle,16.7555,78.455767
60135,Unknown,UNKNOWN,16.749313,78.447849
60136,Urkondapeta,Urkondapeta,16.743002,78.433295
60137,Urukonda Temple,Urukonda Temple,16.739,78.424
60138,Urkonda,Urkonda,16.731364,78.411409
60139,Urkonda Gate,Urkonda Gate,16.727126,78.406441
60140,Urkonda,Urkonda,16.731739,78.411779
60141,Urukonda Temple,Urukonda Temple,16.738813,78.424047
60142,Unknown,UNKNOWN,16.749441,78.447812
60143,Jakanalapalle,Jakanalapalle,16.755554,78.455687
60144,Unknown,UNKNOWN,16.774199,78.454775
60145,Gattu Ippalapalle,Gattu Ippalapalle,16.798836,78.441428
60146,Medakpally-Talakondapalle,Medakpally-Talakondapalle,16.834344,78.419037
60147,Rampur-Thalakondapally,Rampur-Thalakondapally,16.847672,78.405712
60148,Unknown,UNKNOWN,16.866068,78.341494
60149,Lingamdana,Lingamdana,16.869679,78.327498
60150,Podagutta Thanda-Keshampeta,Podagutta Thanda-Keshampeta,17.01942,78.322791
60151,Unknown,UNKNOWN,17.022031,78.316909
60152,Unknown,UNKNOWN,17.097182,78.352459
60153,Subhanpur,Subhanpur,17.101112,78.350056
60154,Cheepunuthala,Cheepunuthala,16.902034,78.443963
60155,Talakondapalle,Talakondapalle,16.887907,78.413871
60156,Venkatapuram-Thalakondapally,Venkatapuram-Thalakondapally,16.796956,78.355426
60157,Cheepunuthala,Cheepunuthala,16.902039,78.443834
60158,Venkatapur Tanda-Thalakondapally,Venkatapur Tanda-Thalakondapally,16.939532,78.432899
60159,Unknown,UNKNOWN,16.891175,78.352722
60160,Unknown,UNKNOWN,16.873311,78.356413
60161,Unknown,UNKNOWN,16.851647,78.359009
60162,Unknown,UNKNOWN,16.843453,78.359996
60163,Unknown,UNKNOWN,16.828922,78.362432
60164,Unknown,UNKNOWN,16.791507,78.351059
60165,Unknown,UNKNOWN,16.791581,78.350906
60166,Unknown,UNKNOWN,16.828905,78.362167
60167,Unknown,UNKNOWN,16.843465,78.359853
60168,Unknown,UNKNOWN,16.851647,78.358848
60169,Julapalle,Julapalle,16.8569,78.364013
60170,Unknown,UNKNOWN,16.873322,78.356327
60171,Unknown,UNKNOWN,17.130907,78.466083
60172,Unknown,UNKNOWN,17.14485,78.464184
60173,Sankatonipally,Sankatonipally,16.823908,78.51116
60174,Sankatonipally,Sankatonipally,16.823562,78.510393
60175,Gollonipally,Gollonipally,16.801552,78.500984
60176,Kuppagandla,Kuppagandla,16.77399,78.498006
60177,Addaraod,Addaraod,16.769043,78.490249
60178,Ippapahad,Ippapahad,16.759927,78.471385
60179,Urkonda Gate,Urkonda Gate,16.723853,78.411055
60180,Ippapahad,Ippapahad,16.759971,78.471523
60181,Unknown,UNKNOWN,16.767,78.491
60182,Kuppagandla,Kuppagandla,16.774045,78.497986
60183,Veernapale-Talakondapalle,Veernapale-Talakondapalle,16.78397,78.466922
60184,Makthamadharam,Makthamadharam,16.970956,78.449566
60185,Nyamathapur,Nyamathapur,16.978,78.439
60186,Ravichedu,Ravichedu,16.982,78.424
60187,Nirdavally,Nirdavally,16.900537,78.349128
60188,Nyamathapur,Nyamathapur,16.978736,78.43796
60189,Makthamadharam,Makthamadharam,16.970946,78.44904
60190,Nednur Model School,Nednur Model School,17.045907,78.445387
60191,Dasarlapalle-Kandukur,Dasarlapalle-Kandukur,17.010972,78.480958
60192,Peddama Tanda-Kandukur,Peddama Tanda-Kandukur,16.996564,78.468143
60193,Dasarlapalle Tanda,Dasarlapalle Tanda,17.01991,78.466367
60194,Narayanpur-Veldanda,Narayanpur-Veldanda,16.805433,78.533756
60195,Narayanpur-Veldanda,Narayanpur-Veldanda,16.799201,78.551975
60196,Narayanpur-Veldanda,Narayanpur-Veldanda,16.799252,78.551753
60197,Narayanpur-Veldanda,Narayanpur-Veldanda,16.805453,78.533727
60198,Mohammadnagar-Kandukur,Mohammadnagar-Kandukur,17.058564,78.488249
60199,Debbadaguda,Debbadaguda,17.047056,78.495357
60200,Mohammadnagar-Kandukur,Mohammadnagar-Kandukur,17.058682,78.488077
60201,Unknown,UNKNOWN,16.987409,78.395659
60202,Unknown,UNKNOWN,16.971669,78.488415
60203,Unknown,UNKNOWN,16.987368,78.395653
60204,Unknown,UNKNOWN,17.052272,78.39115
60205,Unknown,UNKNOWN,17.052251,78.391099
60206,Porandla-Maheswaram,Porandla-Maheswaram,17.060805,78.377999
60207,Mehdipatnam,Mehdipatnam,17.398602,78.444126
60208,Unknown,UNKNOWN,17.012021,78.583207
60209,Thatiparthy-Yacharam,Thatiparthy-Yacharam,17.002538,78.596631
60210,Unknown,UNKNOWN,17.011998,78.583161
60211,Madgul,Madgul,16.850764,78.688795
60212,Bangarugadda-Amangal,Bangarugadda-Amangal,16.856,78.646
60213,Jangareddy Pally-Amangal,Jangareddy Pally-Amangal,16.846982,78.556946
60214,Unknown,UNKNOWN,17.146431,78.429419
60215,Gangaram-Maheswaram,Gangaram-Maheswaram,17.157158,78.428698
60216,Unknown,UNKNOWN,17.173024,78.435337
60217,Harshaguda,Harshaguda,17.187253,78.438716
60218,Unknown,UNKNOWN,17.19268,78.45441
60219,Mankhal,Mankhal,17.201,78.466
60220,Dubbacherla,Dubbacherla,17.105027,78.360372
60221,Subhanpur,Subhanpur,17.102063,78.350048
60222,Ayyavaripally-Maheswaram,Ayyavaripally-Maheswaram,17.108,78.351
60223,Kottakapubasti,Kottakapubasti,17.124309,78.348886
60224,Manikyammaguda,Manikyammaguda,17.135193,78.341467
60225,Manikyammaguda,Manikyammaguda,17.135941,78.334601
60226,Nagireddipalle-Maheswaram,Nagireddipalle-Maheswaram,17.166132,78.351461
60227,Gollor,Gollor,17.178164,78.352424
60228,Unknown,UNKNOWN,17.202622,78.343227
60229,Shapur Tanda,Shapur Tanda,17.21242,78.344488
60230,Unknown,UNKNOWN,17.220762,78.325471
60231,Jukal Shamshabad,Jukal Shamshabad,17.225209,78.303487
60232,Piloniguda,Piloniguda,17.209981,78.293177
60233,Unknown,UNKNOWN,17.19762,78.299518
60234,Unknown,UNKNOWN,17.19761,78.299249
60235,Piloniguda,Piloniguda,17.210124,78.293113
60236,Jukal Shamshabad,Jukal Shamshabad,17.225327,78.303466
60237,Unknown,UNKNOWN,17.220895,78.325471
60238,Unknown,UNKNOWN,16.99394,78.69819
60239,Unknown,UNKNOWN,17.030488,78.672575
60240,Unknown,UNKNOWN,17.042305,78.619617
60241,Unknown,UNKNOWN,17.131134,78.466048
60242,Thummaloor,Thummaloor,17.128667,78.460268
60243,Shapur Tanda,Shapur Tanda,17.21242,78.344343
60244,Unknown,UNKNOWN,17.202622,78.343463
60245,Gollor,Gollor,17.178108,78.352393
60246,Nagireddipalle-Maheswaram,Nagireddipalle-Maheswaram,17.166204,78.351552
60247,Kottakapubasti,Kottakapubasti,17.126,78.348
60248,Ayyavaripally-Maheswaram,Ayyavaripally-Maheswaram,17.115,78.353
60249,Dubbacherla,Dubbacherla,17.105294,78.360329
60250,Gandhamguda,Gandhamguda,17.369439,78.38026
60251,Bairagiguda,Bairagiguda,17.370299,78.374941
60252,Gandhamguda,Gandhamguda,17.369321,78.380274
60253,Abids Gpo,Abids Gpo,17.388783,78.476404
60254,Board Of Intermediate,Board Of Intermediate,17.39,78.469
60255,Nampally Darga,Nampally Darga,17.391,78.466
60256,Agapura,Agapura,17.382,78.464
60257,Beerbanbagh,Beerbanbagh,17.377,78.464
60258,Nampally Darga,Nampally Darga,17.391,78.467
60259,Sardar Nagar Village,Sardar Nagar Village,17.223593,78.482613
60260,Tibrewala,Tibrewala,17.240129,78.480171
60261,Tibrewala,Tibrewala,17.240149,78.479579
60262,Chennampalle-Amangal,Chennampalle-Amangal,16.834722,78.582421
60263,Polepally-Amangal,Polepally-Amangal,16.824559,78.607721
60264,Kalakonda,Kalakonda,16.803915,78.657013
60265,Ajilapur,Ajilapur,16.796186,78.683913
60266,Kalakonda,Kalakonda,16.803853,78.656973
60267,Chennampalle-Amangal,Chennampalle-Amangal,16.834691,78.58234
60268,Unknown,UNKNOWN,17.207,78.502
60269,Unknown,UNKNOWN,17.208402,78.513064
60270,Adibatla X Roads,Adibatla X Roads,17.228673,78.509654
60271,Unknown,UNKNOWN,17.208469,78.512957
60272,Jannai Guda,Jannai Guda,17.198424,78.509292
60273,Ravirala X Roads,Ravirala X Roads,17.259023,78.475084
60274,Ravirala X Roads,Ravirala X Roads,17.258902,78.475471
60275,Unknown,UNKNOWN,17.245278,78.490228
60276,Dasarlapalle Tanda,Dasarlapalle Tanda,17.02,78.466329
60277,Rachalapalle,Rachalapalle,16.694777,78.398319
60278,Madharam-Midjil,Madharam-Midjil,16.674326,78.366283
60279,Gudiganpalle,Gudiganpalle,16.672594,78.33577
60280,Madharam-Midjil,Madharam-Midjil,16.674352,78.366396
60281,Rachalapalle,Rachalapalle,16.695,78.399
60282,Kadthal-Amangal,Kadthal-Amangal,16.978274,78.504289
60283,Jaithwaram Maqta,Jaithwaram Maqta,17.070003,78.442162
60284,Nanajipur Shamshabad,Nanajipur Shamshabad,17.228,78.287
60285,Guduru-Kothur,Guduru-Kothur,17.206639,78.276547
60286,Botiguda,Botiguda,17.228756,78.262181
60287,Botiguda,Botiguda,17.229,78.261
60288,Mekaguda-Kothur,Mekaguda-Kothur,17.101492,78.281349
60289,Nandigama,Nandigama,17.120217,78.253502
60290,Nandigama,Nandigama,17.120356,78.253481
60291,Unknown,UNKNOWN,17.260201,78.384587
60292,Kavelliguda,Kavelliguda,17.247507,78.25954
60293,Shankeshwar Mutt,Shankeshwar Mutt,17.358881,78.525
60294,Gaddiannaram,Gaddiannaram,17.366598,78.521
60295,Chinna Solipet,Chinna Solipet,17.245058,78.228707
60296,Pedda Solipet,Pedda Solipet,17.233715,78.223472
60297,Peddashapur,Peddashapur,17.21935,78.336234
60298,Alikol Tanda X Roads,Alikol Tanda X Roads,17.221364,78.320387
60299,Alikol Tanda,Alikol Tanda,17.213637,78.317521
60300,Alikol Tanda X Roads,Alikol Tanda X Roads,17.22139,78.320395
60301,Unknown,UNKNOWN,17.223354,78.344772
60302,Lower Tankbund,Lower Tankbund,17.412577,78.478395
60303,Unknown,UNKNOWN,17.214187,78.534184
60304,Unknown,UNKNOWN,17.213434,78.530928
60305,Hakimpet-Tolichowki,Hakimpet-Tolichowki,17.403,78.417104
60306,Hakimpet Kunta,Hakimpet Kunta,17.407263,78.414029
60307,Hakimpet-Tolichowki,Hakimpet-Tolichowki,17.402761,78.417347
60308,Zia Talkies,Zia Talkies,17.393142,78.456988
60309,Bazar Ghat,Bazar Ghat,17.39428,78.462622
60310,Bazar Ghat,Bazar Ghat,17.394208,78.462516
60311,Zia Talkies,Zia Talkies,17.393089,78.457017
60312,Antharam-Thalakondapally,Antharam-Thalakondapally,16.835725,78.348862
60313,Masigundlapally,Masigundlapally,16.808674,78.32474
60314,Wadiyal,Wadiyal,16.746925,78.315018
60315,Vemula-Midjil,Vemula-Midjil,16.784091,78.317539
60316,Masigundlapally,Masigundlapally,16.808476,78.325803
60317,Venkatapuram Patti-Thalakondapally,Venkatapuram Patti-Thalakondapally,16.813666,78.338144
60318,Unknown,UNKNOWN,17.159469,78.350394
60319,Pulimaktha,Pulimaktha,17.169177,78.359213
60320,Nagireddipalle-Maheswaram,Nagireddipalle-Maheswaram,17.163416,78.363113
60321,Unknown,UNKNOWN,17.186981,78.372281
60322,Sanghiguda,Sanghiguda,17.199696,78.385402
60323,Kotha Thanda-Maheswaram,Kotha Thanda-Maheswaram,17.158079,78.397412
60324,Kotha Thanda-Maheswaram,Kotha Thanda-Maheswaram,17.146342,78.400546
60325,Uppagada Thanda,Uppagada Thanda,17.149161,78.408694
60326,Goshamahal,Goshamahal,17.383917,78.474054
60327,Chinna Golconda,Chinna Golconda,17.216075,78.389035
60328,Unknown,UNKNOWN,17.186941,78.372495
60329,Pulimaktha,Pulimaktha,17.169159,78.359312
60330,Unknown,UNKNOWN,17.159474,78.350512
60331,Nandi Nagar,Nandi Nagar,17.419862,78.430869
60332,Unknown,UNKNOWN,17.328,78.203
60333,Mudimyal,Mudimyal,17.33328,78.201199
60334,Ravulapalle Khurd,Ravulapalle Khurd,17.352,78.198
60335,Mudimyal,Mudimyal,17.333187,78.201445
60336,Unknown,UNKNOWN,17.328056,78.203473
60337,Appareddyguda X Road,Appareddyguda X Road,17.31806,78.22654
60338,Rajendra Nagar Depot,Rajendra Nagar Depot,17.333971,78.409612
60339,Vijaylaxmi-Kothur,Vijaylaxmi-Kothur,17.13787,78.276752
60340,Theegapur,Theegapur,17.160597,78.270903
60341,Textiles Park,Textiles Park,17.167004,78.251549
60342,Unknown,UNKNOWN,17.168477,78.239387
60343,Unknown,UNKNOWN,17.180688,78.217174
60344,Unknown,UNKNOWN,17.182041,78.217131
60345,Kanha Shanthi Vanam,Kanha Shanthi Vanam,17.183604,78.217112
60346,Unknown,UNKNOWN,17.183615,78.218842
60347,Unknown,UNKNOWN,17.18361,78.220874
60348,Unknown,UNKNOWN,17.183522,78.222597
60349,Unknown,UNKNOWN,17.18323,78.222742
60350,Textiles Park,Textiles Park,17.167229,78.251334
60351,Theegapur,Theegapur,17.160674,78.270968
60352,Horizone Park,Horizone Park,17.148167,78.273844
60353,Vijaylaxmi-Kothur,Vijaylaxmi-Kothur,17.137592,78.277094
60354,Anthireddyguda-Kothur,Anthireddyguda-Kothur,17.136095,78.25701
60355,Narsappaguda,Narsappaguda,17.154384,78.251839
60356,Unknown,UNKNOWN,17.183189,78.220854
60357,Narsappaguda,Narsappaguda,17.154487,78.25201
60358,Anthireddyguda-Kothur,Anthireddyguda-Kothur,17.136074,78.257332
60359,Cherkur,Cherkur,16.776839,78.544234
60360,Barkatpally-Veldanda,Barkatpally-Veldanda,16.773018,78.564295
60361,Ganghattu Tanda,Ganghattu Tanda,16.78264,78.587544
60362,Cherkur,Cherkur,16.776896,78.544108
60363,Barkatpally-Veldanda,Barkatpally-Veldanda,16.773134,78.564355
60364,Jabbarguda,Jabbarguda,17.15174,78.592672
60365,Jabbarguda,Jabbarguda,17.147998,78.583907
60366,Mammarajiguda,Mammarajiguda,17.23448,78.527146
60367,Ansari Road,Ansari Road,17.295851,78.482675
60368,Venkatapuram,Venkatapuram,17.297171,78.488983
60369,Salala,Salala,17.304509,78.490872
60370,Venkatapuram,Venkatapuram,17.29711,78.489056
60371,Konded,Konded,16.831947,78.284805
60372,Singamdoddi,Singamdoddi,16.815262,78.267558
60373,Donur,Donur,16.790422,78.265012
60374,Unknown,UNKNOWN,16.763156,78.26813
60375,Vaspula,Vaspula,16.778072,78.266451
60376,Ranipet,Ranipet,16.748462,78.268725
60377,Unknown,UNKNOWN,16.763166,78.268055
60378,Vaspula,Vaspula,16.778058,78.26652
60379,Rgi Airport,Rgi Airport,17.238146,78.430581
60380,Chegur-Gate,Chegur-Gate,17.173682,78.300365
60381,Akkiwariguda,Akkiwariguda,17.181489,78.285897
60382,Tallaguda,Tallaguda,17.183435,78.275657
60383,Mallapur-Kothur,Mallapur-Kothur,17.185508,78.273044
60384,Mallapur Tanda,Mallapur Tanda,17.19843,78.26426
60385,Reddy Palem-Kothur,Reddy Palem-Kothur,17.196514,78.265228
60386,Kummariguda-Shabad,Kummariguda-Shabad,17.172447,78.28299
60387,Yerrakunta,Yerrakunta,17.221909,78.314474
60388,Yerrakunta,Yerrakunta,17.222109,78.31442
60389,Daudguda,Daudguda,17.10515,78.415818
60390,Nddc,Nddc,17.119023,78.426107
60391,Maheswaram Model School,Maheswaram Model School,17.128826,78.432539
60392,Gar Kokapet,Gar Kokapet,17.40851,78.330529
60393,Gudoor Gate,Gudoor Gate,17.11849,78.505608
60394,Unknown,UNKNOWN,17.117578,78.519502
60395,Unknown,UNKNOWN,17.105491,78.558423
60396,Unknown,UNKNOWN,17.10355,78.5607
60397,Turkaguda-Kandukur,Turkaguda-Kandukur,17.112697,78.542891
60398,Dasarlapalle Tanda,Dasarlapalle Tanda,17.00915,78.482149
60399,Turkaguda-Kandukur,Turkaguda-Kandukur,17.112495,78.54278
60400,Neralla Palli-Nampally,Neralla Palli-Nampally,16.942026,78.992182
60401,Damera Bhemanapally-Marriguda,Damera Bhemanapally-Marriguda,16.952,78.93
60402,Vattipalle,Vattipalle,16.942713,78.874369
60403,Chinna Kondur,Chinna Kondur,17.299278,78.900798
60404,Pedda Konduru-Choutuppal,Pedda Konduru-Choutuppal,17.317341,78.903445
60405,Nakkalagudem,Nakkalagudem,17.341927,78.917149
60406,Pedda Konduru-Choutuppal,Pedda Konduru-Choutuppal,17.317421,78.903534
60407,Unknown,UNKNOWN,17.213506,78.282169
60408,Mind Space Centre,Mind Space Centre,17.441947,78.376779
60409,Cyber Gateway,Cyber Gateway,17.447019,78.378027
60410,Unknown,UNKNOWN,17.103673,78.560776
60411,Unknown,UNKNOWN,17.105119,78.558168
60412,Ghattuppal,Ghattuppal,17.070867,78.91911
60413,Lachammagudem,Lachammagudem,17.066363,78.895406
60414,Chillapuram-Narayanapuram,Chillapuram-Narayanapuram,17.072672,78.890108
60415,Unknown,UNKNOWN,17.083946,78.893373
60416,Unknown,UNKNOWN,17.129777,78.753203
60417,Unknown,UNKNOWN,17.121495,78.746975
60418,Bugga Tanda,Bugga Tanda,17.103274,78.743005
60419,Unknown,UNKNOWN,17.121607,78.746706
60420,Unknown,UNKNOWN,17.12981,78.753111
60421,Unknown,UNKNOWN,17.229944,78.70904
60422,Unknown,UNKNOWN,17.313838,78.568602
60423,Wipro Circle,Wipro Circle,17.425595,78.340625
60424,Unknown,UNKNOWN,17.360674,78.601062
60425,Pallavi Engg College,Pallavi Engg College,17.351253,78.611043
60426,Unknown,UNKNOWN,17.332084,78.630867
60427,Unknown,UNKNOWN,17.331997,78.630835
60428,Pallavi Engg College,Pallavi Engg College,17.351151,78.61105
60429,Chakripuram,Chakripuram,17.479477,78.585361
60430,Cherlapally Water Tank,Cherlapally Water Tank,17.471284,78.596968
60431,Chakripuram,Chakripuram,17.4792,78.585468
60432,Pedda Solipet,Pedda Solipet,17.23399,78.223622
60433,Chinna Solipet,Chinna Solipet,17.245057,78.228536
60434,Bowenpally,Bowenpally,17.463696,78.473183
60435,Race Course-Sec Bad,Race Course-Sec Bad,17.450765,78.488197
60436,Bowenpally,Bowenpally,17.462975,78.472536
60437,Thokatta,Thokatta,17.460723,78.475589
60438,Ferozguda-Balnagar,Ferozguda-Balnagar,17.462689,78.461978
60439,Shobhna-Balnagar,Shobhna-Balnagar,17.463568,78.453043
60440,Kphb,Kphb,17.492201,78.401927
60441,Kphb Temple Bus Stop,Kphb Temple Bus Stop,17.487762,78.39551
60442,Shobhna-Balnagar,Shobhna-Balnagar,17.4639,78.453135
60443,Ferozguda-Balnagar,Ferozguda-Balnagar,17.462824,78.462104
60444,Tivoli,Tivoli,17.449063,78.492476
60445,Bhel Bus Depot,Bhel Bus Depot,17.519284,78.29078
60446,Jbs,Jbs,17.447613,78.497581
60447,Sangeeth,Sangeeth,17.440846,78.506202
60448,Tarnaka,Tarnaka,17.424928,78.535651
60449,Lb Nagar,Lb Nagar,17.344886,78.549463
60450,Rci X Roads,Rci X Roads,17.273029,78.498588
60451,Rgi Airport,Rgi Airport,17.238522,78.429368
60452,Rci X Roads,Rci X Roads,17.273198,78.498157
60453,Sangeeth,Sangeeth,17.440262,78.507236
60454,Unknown,UNKNOWN,17.512522,78.360116
60455,Malaysiya Town Ship,Malaysiya Town Ship,17.479722,78.390139
60456,Ranigunj,Ranigunj,17.433052,78.48853
60457,Ac Guards,Ac Guards,17.402698,78.457966
60458,Nmdc,Nmdc,17.398732,78.449352
60459,Mehdipatnam,Mehdipatnam,17.398482,78.444185
60460,Lakdikapool,Lakdikapool,17.404376,78.461317
60461,Ranigunj,Ranigunj,17.434,78.488
60462,Paryatak Bhavan,Paryatak Bhavan,17.433859,78.455506
60463,Yathrinivas,Yathrinivas,17.443579,78.479912
60464,Yathrinivas,Yathrinivas,17.443321,78.479875
60465,Prakash Nagar Begumpet,Prakash Nagar Begumpet,17.444065,78.47026
60466,Botanical Garden,Botanical Garden,17.455598,78.364223
60467,Malaysiya Town Ship,Malaysiya Town Ship,17.479574,78.389871
60468,Unknown,UNKNOWN,17.527823,78.440495
60469,Kirloskar,Kirloskar,17.600882,78.49232
60470,Kompally,Kompally,17.544481,78.492045
60471,Athvelly-Medchal,Athvelly-Medchal,17.650095,78.487932
60472,Ravalkol X Roads,Ravalkol X Roads,17.660844,78.491279
60473,Yellampet X Road,Yellampet X Road,17.673,78.487
60474,Dabilpur X Road,Dabilpur X Road,17.680532,78.481747
60475,Dabilpur Railway Station,Dabilpur Railway Station,17.674131,78.470266
60476,Dabilpur,Dabilpur,17.669,78.471
60477,Dabilpur Railway Station,Dabilpur Railway Station,17.674,78.47
60478,Dabilpur X Road,Dabilpur X Road,17.680662,78.481822
60479,Ravalkol X Roads,Ravalkol X Roads,17.660942,78.491329
60480,Athvelly-Medchal,Athvelly-Medchal,17.649001,78.487492
60481,Ravalkol Thanda,Ravalkol Thanda,17.6627,78.504288
60482,Zphs-Athvelly,Zphs-Athvelly,17.652616,78.48309
60483,Kistapur-Medchal,Kistapur-Medchal,17.628604,78.505999
60484,Ravalkol Kaman,Ravalkol Kaman,17.629728,78.515956
60485,Pudur X Road-Medchal,Pudur X Road-Medchal,17.629753,78.525338
60486,Medicity X Roads,Medicity X Roads,17.634079,78.532545
60487,Ghanpur-Medchal,Ghanpur-Medchal,17.628703,78.535533
60488,Medicity,Medicity,17.61527,78.548732
60489,Ravalkol Kaman,Ravalkol Kaman,17.629677,78.516141
60490,Kistapur-Medchal,Kistapur-Medchal,17.628486,78.505967
60491,Hakimpet,Hakimpet,17.546987,78.535095
60492,Cisf Hakimpet,Cisf Hakimpet,17.542617,78.530707
60493,Kot Temple-Bolarum,Kot Temple-Bolarum,17.535962,78.524174
60494,Risala Bazar,Risala Bazar,17.528391,78.517812
60495,Sadhana Mandhir,Sadhana Mandhir,17.525855,78.518202
60496,Contonment Hospital,Contonment Hospital,17.521933,78.5194
60497,Contonment Hospital,Contonment Hospital,17.521644,78.517903
60498,Bollaram Bazar,Bollaram Bazar,17.517986,78.516573
60499,Lakadwala Colony,Lakadwala Colony,17.512871,78.520382
60500,Raithu Bazar-Alwal,Raithu Bazar-Alwal,17.506967,78.516149
60501,Hanuman Temple-Karkhana,Hanuman Temple-Karkhana,17.465,78.504
60502,Patny,Patny,17.443886,78.495689
60503,Hanuman Temple-Karkhana,Hanuman Temple-Karkhana,17.465042,78.50372
60504,Lakadwala Colony,Lakadwala Colony,17.512956,78.520266
60505,Bollaram Bazar,Bollaram Bazar,17.517595,78.516557
60506,Contonment Hospital,Contonment Hospital,17.521726,78.517737
60507,Sadhana Mandhir,Sadhana Mandhir,17.525692,78.51809
60508,Risala Bazar,Risala Bazar,17.52881,78.518008
60509,Navapan Industries,Navapan Industries,17.53191,78.254631
60510,Sagar Society,Sagar Society,17.425023,78.433526
60511,Apollo Hospital-Jublie Hills,Apollo Hospital-Jublie Hills,17.417681,78.411312
60512,Film Nagar,Film Nagar,17.414083,78.408163
60513,Prashasan Nagar,Prashasan Nagar,17.418269,78.400682
60514,Darga,Darga,17.411903,78.395031
60515,Ou Colony,Ou Colony,17.406839,78.391985
60516,Panchavati Colony  Manikonda,Panchavati Colony  Manikonda,17.407346,78.387529
60517,Manikonda,Manikonda,17.406251,78.376226
60518,Manikonda,Manikonda,17.406292,78.376272
60519,Panchavati Colony  Manikonda,Panchavati Colony  Manikonda,17.407392,78.387522
60520,Darga,Darga,17.415492,78.394205
60521,Prashasan Nagar,Prashasan Nagar,17.418437,78.40086
60522,Film Nagar,Film Nagar,17.415126,78.409011
60523,Apollo Hospital-Jublie Hills,Apollo Hospital-Jublie Hills,17.418058,78.411197
60524,Sagar Society,Sagar Society,17.425068,78.433287
60525,Jbs,Jbs,17.446691,78.498342
60526,Uppal Depot,Uppal Depot,17.404634,78.589663
60527,Vidyanagar,Vidyanagar,17.403498,78.510776
60528,Ashoknagar Rtc X Rd,Ashoknagar Rtc X Rd,17.408998,78.489791
60529,Ntr Stadium,Ntr Stadium,17.410613,78.484928
60530,Ntr Stadium,Ntr Stadium,17.410722,78.485266
60531,Ashoknagar Rtc X Rd,Ashoknagar Rtc X Rd,17.40928,78.489457
60532,Sudharshan Theatre,Sudharshan Theatre,17.407432,78.495
60533,Hayathnagar,Hayathnagar,17.327306,78.604896
60534,Konaipalle-Medchal,Konaipalle-Medchal,17.689126,78.461278
60535,Maisireddipalle-Medchal,Maisireddipalle-Medchal,17.696577,78.45169
60536,Mollegudem,Mollegudem,17.698871,78.439652
60537,Kanukunta,Kanukunta,17.698311,78.41689
60538,Ram Reddy Bavi,Ram Reddy Bavi,17.717,78.423
60539,Veera Reddy Pally-Jinnaram,Veera Reddy Pally-Jinnaram,17.708893,78.438944
60540,Maisireddipalle-Medchal,Maisireddipalle-Medchal,17.696679,78.451695
60541,Konaipalle-Medchal,Konaipalle-Medchal,17.686519,78.459935
60542,Lal Bungalow,Lal Bungalow,17.434939,78.451289
60543,Thokatta,Thokatta,17.460756,78.475831
60544,Lal Bungalow,Lal Bungalow,17.436072,78.452468
60545,Shivaji Statue Klr Colony,Shivaji Statue Klr Colony,17.636423,78.492261
60546,St Boys Hostel Medchal,St Boys Hostel Medchal,17.64344,78.501282
60547,Bongloor Village,Bongloor Village,17.234114,78.583435
60548,Adibatla X Roads,Adibatla X Roads,17.216062,78.545723
60549,Unknown,UNKNOWN,17.212461,78.531419
60550,Unknown,UNKNOWN,17.215253,78.538996
60551,Adibatla X Roads,Adibatla X Roads,17.21696,78.545158
60552,Unknown,UNKNOWN,17.23496,78.582375
60553,Kachiguda Railway Station,Kachiguda Railway Station,17.390084,78.499087
60554,Bahadur Pally X Road,Bahadur Pally X Road,17.56033,78.431423
60555,New Lb Nagar Jeedimetla,New Lb Nagar Jeedimetla,17.514068,78.441878
60556,Srinivas Nagar-Jeedimetla,Srinivas Nagar-Jeedimetla,17.516084,78.438507
60557,Roda Mestry Nagar,Roda Mestry Nagar,17.518065,78.435954
60558,Hal Colony,Hal Colony,17.52059,78.431799
60559,Usha Mallapudi Hospital (Umcc Hospital),Usha Mallapudi Hospital (Umcc Hospital),17.522447,78.429154
60560,Gajularamaram Bus Stop,Gajularamaram Bus Stop,17.524857,78.42347
60561,Usha Mallapudi Hospital (Umcc Hospital),Usha Mallapudi Hospital (Umcc Hospital),17.522549,78.42931
60562,Hal Colony,Hal Colony,17.520796,78.431633
60563,Srinivas Nagar-Jeedimetla,Srinivas Nagar-Jeedimetla,17.516206,78.438553
60564,Roda Mestry Nagar,Roda Mestry Nagar,17.518303,78.435909
60565,New Lb Nagar Jeedimetla,New Lb Nagar Jeedimetla,17.514099,78.442001
60566,Rns Colony,Rns Colony,17.429,78.583
60567,Krishnanagar,Krishnanagar,17.432817,78.42649
60568,Indra Nagar-Jubilee Hills,Indra Nagar-Jubilee Hills,17.429479,78.424805
60569,Venkatagiri-Yusufguda,Venkatagiri-Yusufguda,17.430616,78.42101
60570,Madhapur Metro,Madhapur Metro,17.437881,78.400159
60571,Venkatagiri-Yusufguda,Venkatagiri-Yusufguda,17.430737,78.420748
60572,Krishnanagar,Krishnanagar,17.432712,78.426317
60573,Yousufguda Check Post,Yousufguda Check Post,17.436627,78.427985
60574,Krishna Kanth Park,Krishna Kanth Park,17.441268,78.43187
60575,Kalyan Nagar,Kalyan Nagar,17.4444,78.433
60576,Ramalayam Bahadurpally,Ramalayam Bahadurpally,17.5597,78.438738
60577,Bahadurpally,Bahadurpally,17.558859,78.440816
60578,Mrit College,Mrit College,17.560278,78.451349
60579,Maisammaguda,Maisammaguda,17.562213,78.453704
60580,Apparel Park,Apparel Park,17.563735,78.466609
60581,Drs International School,Drs International School,17.55683,78.464849
60582,Apparel Park X Roads,Apparel Park X Roads,17.548076,78.462027
60583,Gandhi Statue Doolapally,Gandhi Statue Doolapally,17.546189,78.469175
60584,Doolapally X Road,Doolapally X Road,17.540207,78.490684
60585,St Martins Engg College,St Martins Engg College,17.544174,78.475983
60586,Apparel Park X Roads,Apparel Park X Roads,17.548195,78.461876
60587,Drs International School,Drs International School,17.557019,78.464709
60588,Apparel Park,Apparel Park,17.563796,78.466297
60589,Bahadurpally,Bahadurpally,17.558494,78.44115
60590,Bahadur Pally X Road,Bahadur Pally X Road,17.56,78.432
60591,Gajularamaram Bus Stop,Gajularamaram Bus Stop,17.524668,78.423433
60592,Kallakal,Kallakal,17.710267,78.475696
60593,Jeedipally,Jeedipally,17.74194,78.475326
60594,Dandupally-Tupran,Dandupally-Tupran,17.760744,78.471726
60595,Manoharabad-Tupran,Manoharabad-Tupran,17.766577,78.470716
60596,Ramaipally,Ramaipally,17.784919,78.471361
60597,Potharajpally Kaman,Potharajpally Kaman,17.824617,78.47526
60598,Toopran Bus Station,Toopran Bus Station,17.845008,78.478314
60599,Masaipet Chegunta,Masaipet Chegunta,17.879228,78.469316
60600,Masaipet Chegunta,Masaipet Chegunta,17.906506,78.464602
60601,Ramanthapur-Chegunta,Ramanthapur-Chegunta,17.931636,78.458207
60602,Wadiaram,Wadiaram,17.959738,78.464942
60603,Chegunta-Mdk,Chegunta-Mdk,17.96565,78.463157
60604,Unknown,UNKNOWN,17.971018,78.46201
60605,Valloor-Chegunta,Valloor-Chegunta,18.000723,78.452446
60606,Narsingi-Medak,Narsingi-Medak,18.044735,78.429463
60607,Zapthi Shivnoor,Zapthi Shivnoor,18.073197,78.429964
60608,Ramayampet,Ramayampet,18.116308,78.429395
60609,Zapthi Shivnoor,Zapthi Shivnoor,18.073195,78.430104
60610,Narsingi-Medak,Narsingi-Medak,18.044523,78.429937
60611,Valloor-Chegunta,Valloor-Chegunta,18.000657,78.452558
60612,Unknown,UNKNOWN,17.971033,78.46233
60613,Wadiaram,Wadiaram,17.959552,78.465094
60614,Ramanthapur-Chegunta,Ramanthapur-Chegunta,17.931654,78.458345
60615,Masaipet Chegunta,Masaipet Chegunta,17.907025,78.464731
60616,Masaipet Chegunta,Masaipet Chegunta,17.879335,78.469755
60617,Narsapur Chowrasta,Narsapur Chowrasta,17.837037,78.477014
60618,Ramaipally,Ramaipally,17.784988,78.47171
60619,Manoharabad-Tupran,Manoharabad-Tupran,17.766614,78.471062
60620,Dandupally-Tupran,Dandupally-Tupran,17.76,78.472
60621,Jeedipally,Jeedipally,17.74205,78.475771
60622,Kallakal,Kallakal,17.710165,78.475938
60623,Dommari Pochampally,Dommari Pochampally,17.587799,78.413211
60624,Dundigal X Roads,Dundigal X Roads,17.596116,78.403367
60625,Gagillapur,Gagillapur,17.60639,78.391691
60626,Gagilla Puram Church,Gagilla Puram Church,17.613,78.389
60627,Prakruthi Nivas Annaram,Prakruthi Nivas Annaram,17.628,78.384
60628,Annaram-Dundigal,Annaram-Dundigal,17.635883,78.382714
60629,Domadugu,Domadugu,17.659206,78.373564
60630,Bonthapally Kaman,Bonthapally Kaman,17.662409,78.37301
60631,Domadugu,Domadugu,17.654707,78.373273
60632,Gagilla Puram Church,Gagilla Puram Church,17.613961,78.389216
60633,Gagillapur,Gagillapur,17.606294,78.391867
60634,Dundigal X Roads,Dundigal X Roads,17.596187,78.403428
60635,Dommari Pochampally,Dommari Pochampally,17.587898,78.413269
60636,Nagarjuna Nagar Clny,Nagarjuna Nagar Clny,17.480144,78.58167
60637,Sv Nagar,Sv Nagar,17.481093,78.59183
60638,Dammaiguda X Road,Dammaiguda X Road,17.489867,78.601575
60639,Sathyanarayana Colony-Nagaram,Sathyanarayana Colony-Nagaram,17.485931,78.614543
60640,Annapurna Clny Nagaram,Annapurna Clny Nagaram,17.48208,78.616492
60641,Ambedkar Nagar-Nagaram,Ambedkar Nagar-Nagaram,17.480045,78.619924
60642,Rtc Colony Rampally,Rtc Colony Rampally,17.479667,78.623129
60643,Rl Nagar,Rl Nagar,17.478104,78.6259
60644,Bharath Nagar-Rampally,Bharath Nagar-Rampally,17.47095,78.633973
60645,Laxmi Nagar-Rampally,Laxmi Nagar-Rampally,17.469513,78.636382
60646,Rampally Ghatkesar,Rampally Ghatkesar,17.467068,78.64269
60647,Pogulaguda,Pogulaguda,17.45634,78.659424
60648,Kitti Steels Limited,Kitti Steels Limited,17.449586,78.661496
60649,Unknown,UNKNOWN,17.447725,78.664706
60650,Ghatkesar,Ghatkesar,17.443477,78.671882
60651,Shivareddy Guda Ghatkesar,Shivareddy Guda Ghatkesar,17.445499,78.674415
60652,Edulabad X Rds,Edulabad X Rds,17.450968,78.680754
60653,Ghatkesar,Ghatkesar,17.452134,78.682311
60654,Edulabad X Rds,Edulabad X Rds,17.450493,78.680463
60655,Shivareddy Guda Ghatkesar,Shivareddy Guda Ghatkesar,17.444965,78.673998
60656,Unknown,UNKNOWN,17.443266,78.671831
60657,Unknown,UNKNOWN,17.447448,78.664577
60658,Kitti Steels Limited,Kitti Steels Limited,17.44952,78.661282
60659,Pogulaguda,Pogulaguda,17.456173,78.659333
60660,Rampally Ghatkesar,Rampally Ghatkesar,17.467171,78.641338
60661,Laxmi Nagar-Rampally,Laxmi Nagar-Rampally,17.468872,78.637047
60662,Unknown,UNKNOWN,17.470992,78.633718
60663,Rl Nagar,Rl Nagar,17.477947,78.625835
60664,Rtc Colony Rampally,Rtc Colony Rampally,17.479535,78.62317
60665,Ambedkar Nagar-Nagaram,Ambedkar Nagar-Nagaram,17.479845,78.619972
60666,Annapurna Clny Nagaram,Annapurna Clny Nagaram,17.481979,78.616391
60667,Sathyanarayana Colony-Nagaram,Sathyanarayana Colony-Nagaram,17.485708,78.614562
60668,Dammaiguda X Road,Dammaiguda X Road,17.489633,78.601572
60669,Sv Nagar,Sv Nagar,17.480701,78.591168
60670,Nagarjuna Nagar Clny,Nagarjuna Nagar Clny,17.479885,78.581902
60671,Kusaiguda Bus Depot,Kusaiguda Bus Depot,17.468296,78.565636
60672,Moulali X Roads,Moulali X Roads,17.461414,78.558386
60673,Zts-Moulali,Zts-Moulali,17.455882,78.55551
60674,Moulali X Roads,Moulali X Roads,17.461415,78.558347
60675,Annaram-Manakondur,Annaram-Manakondur,17.635864,78.382873
60676,Prakruthi Nivas Annaram,Prakruthi Nivas Annaram,17.628074,78.384348
60677,Mrit College,Mrit College,17.596,78.44
60678,Siddhi Vinayak Nagar,Siddhi Vinayak Nagar,17.459834,78.38492
60679,Gachibowli,Gachibowli,17.439035,78.362952
60680,Infosys,Infosys,17.436867,78.347239
60681,Cp Office Bus Stop,Cp Office Bus Stop,17.431627,78.371956
60682,Miyapur X Road,Miyapur X Road,17.498,78.362
60683,Rangapuram,Rangapuram,17.505978,78.362238
60684,Miyapur-Bbw,Miyapur-Bbw,17.509988,78.361764
60685,Makta,Makta,17.519669,78.355992
60686,Cococola,Cococola,17.522156,78.356352
60687,Volvo Bachupally,Volvo Bachupally,17.529619,78.355275
60688,Ida X Road,Ida X Road,17.534507,78.357522
60689,Bachupally,Bachupally,17.541077,78.363676
60690,Sri Chaitanya Junior College-Bachupally,Sri Chaitanya Junior College-Bachupally,17.541281,78.368512
60691,Indira Nagar  Bachupally,Indira Nagar  Bachupally,17.543431,78.372624
60692,Dargha Bachupally,Dargha Bachupally,17.543685,78.37956
60693,Vnr College,Vnr College,17.542135,78.385971
60694,Pragathi Nagar Bachupally,Pragathi Nagar Bachupally,17.541588,78.388824
60695,Kaisar Nagar,Kaisar Nagar,17.541731,78.397483
60696,Drk College,Drk College,17.549588,78.403684
60697,Suraram Village X Road,Suraram Village X Road,17.557138,78.410883
60698,Bowrampet X Road,Bowrampet X Road,17.562548,78.413155
60699,Unknown,UNKNOWN,17.565,78.418
60700,Bowrampet X Road,Bowrampet X Road,17.562476,78.413305
60701,Suraram Village X Road,Suraram Village X Road,17.557019,78.4112
60702,Drk College,Drk College,17.548928,78.403748
60703,Kaisar Nagar,Kaisar Nagar,17.541128,78.397241
60704,Pragathi Nagar Bachupally,Pragathi Nagar Bachupally,17.540713,78.393671
60705,Vnr College,Vnr College,17.541954,78.385555
60706,Dargha Bachupally,Dargha Bachupally,17.543414,78.37883
60707,Sri Chaitanya Junior College-Bachupally,Sri Chaitanya Junior College-Bachupally,17.541105,78.368617
60708,Bachupally,Bachupally,17.540759,78.363432
60709,Ida X Road,Ida X Road,17.534367,78.357477
60710,Volvo Bachupally,Volvo Bachupally,17.529493,78.355697
60711,Cococola,Cococola,17.521835,78.35658
60712,Makta,Makta,17.519069,78.356139
60713,Miyapur-Bbw,Miyapur-Bbw,17.510023,78.361987
60714,Rangapuram,Rangapuram,17.506158,78.362499
60715,Kucharam,Kucharam,17.727171,78.472918
60716,Imampur X Road,Imampur X Road,17.792134,78.471633
60717,Immapur-Tupran,Immapur-Tupran,17.794014,78.481307
60718,Allapur-Tupran,Allapur-Tupran,17.812452,78.486017
60719,Allapur-Tupran,Allapur-Tupran,17.822853,78.483438
60720,Potharajpally Kaman,Potharajpally Kaman,17.824689,78.475194
60721,Brahmanapalle-Tupran,Brahmanapalle-Tupran,17.829698,78.451931
60722,Venkatapur- Pattitupr,Venkatapur- Pattitupr,17.828677,78.444293
60723,Shabashpally-Shivampet,Shabashpally-Shivampet,17.811691,78.430753
60724,Potharam-Shivampet,Potharam-Shivampet,17.809674,78.429009
60725,Potharam-Shivampet,Potharam-Shivampet,17.788686,78.436825
60726,Tupakula Gudem,Tupakula Gudem,17.770828,78.44197
60727,Parkibanda,Parkibanda,17.76316,78.442533
60728,Gouthojigudem,Gouthojigudem,17.75871,78.437752
60729,Manoharabad Railway Station,Manoharabad Railway Station,17.755247,78.456754
60730,Manoharabad-Tupran,Manoharabad-Tupran,17.766481,78.46869
60731,Kucharam,Kucharam,17.727148,78.473057
60732,Manoharabad Railway Station,Manoharabad Railway Station,17.755359,78.455236
60733,Parkibanda,Parkibanda,17.763247,78.442345
60734,Tupakula Gudem,Tupakula Gudem,17.770984,78.441962
60735,Potharam-Shivampet,Potharam-Shivampet,17.78886,78.436713
60736,Potharam-Shivampet,Potharam-Shivampet,17.809689,78.42895
60737,Shabashpally-Shivampet,Shabashpally-Shivampet,17.813055,78.431804
60738,Venkatapur- Pattitupr,Venkatapur- Pattitupr,17.828846,78.444346
60739,Brahmanapalle-Tupran,Brahmanapalle-Tupran,17.829642,78.449973
60740,Dandupally-Tupran,Dandupally-Tupran,17.758118,78.474459
60741,Manda Mallama 'X' Rds,Manda Mallama 'X' Rds,17.339679,78.523585
60742,Manda Mallama 'X' Rds,Manda Mallama 'X' Rds,17.339738,78.524221
60743,Gajula Ramaram,Gajula Ramaram,17.51091,78.4474
60744,Mahadevpur Colony,Mahadevpur Colony,17.519,78.414
60745,Sikh Basthi,Sikh Basthi,17.513049,78.412862
60746,Ntr Nagar Kphb,Ntr Nagar Kphb,17.508246,78.410014
60747,Yellamma Banda,Yellamma Banda,17.507064,78.407761
60748,Bhagyanagar-Kukatpally,Bhagyanagar-Kukatpally,17.502971,78.408008
60749,Vivekananda Nagar Clny,Vivekananda Nagar Clny,17.496494,78.406393
60750,Unknown,UNKNOWN,17.473453,78.425902
60751,Erragadda,Erragadda,17.459098,78.432351
60752,Y Junction Kukatpally,Y Junction Kukatpally,17.475371,78.423975
60753,Suraram Rajiv Gruha Kalpa,Suraram Rajiv Gruha Kalpa,17.55,78.439
60754,Sanjay Puri Colony,Sanjay Puri Colony,17.499808,78.429747
60755,Papireddy Nagar Jagathgiriguitta,Papireddy Nagar Jagathgiriguitta,17.497681,78.431989
60756,Kamaan Hyd Bus Stop,Kamaan Hyd Bus Stop,17.494941,78.432115
60757,Ranga Reddy Nagar Bus Stop,Ranga Reddy Nagar Bus Stop,17.494235,78.433795
60758,Chenna Reddy Nagar Industrial Area,Chenna Reddy Nagar Industrial Area,17.490457,78.441972
60759,Giri Nagar,Giri Nagar,17.489057,78.445036
60760,Canara Nagar,Canara Nagar,17.407296,78.594869
60761,Chengicherla X Rd,Chengicherla X Rd,17.411474,78.6071
60762,Cpri,Cpri,17.413108,78.614964
60763,Narapally,Narapally,17.41784,78.630985
60764,Vijayapuri Colony,Vijayapuri Colony,17.422196,78.638928
60765,Jodimetla X Rd,Jodimetla X Rd,17.424922,78.644817
60766,Annojiguda,Annojiguda,17.433927,78.656015
60767,Nfc X Roads,Nfc X Roads,17.45494,78.700808
60768,Aushapur Gatkesar,Aushapur Gatkesar,17.461757,78.735564
60769,Capol,Capol,17.468,78.751
60770,Kondamadugu,Kondamadugu,17.468738,78.761247
60771,Aiims Bibi Nagar,Aiims Bibi Nagar,17.47,78.777
60772,Bibi Nagar,Bibi Nagar,17.473567,78.792669
60773,Gudur Bhuvanagiri,Gudur Bhuvanagiri,17.48882,78.828377
60774,Jagdevpur Gadda-Bhuvanagiri,Jagdevpur Gadda-Bhuvanagiri,17.514426,78.884329
60775,Ramjipet,Ramjipet,17.587953,78.989993
60776,Bahupeta,Bahupeta,17.62366,79.016169
60777,Reddy Gudem-Aleru,Reddy Gudem-Aleru,17.633412,79.02736
60778,Old Aler,Old Aler,17.642741,79.042405
60779,Aler Bus Station,Aler Bus Station,17.646111,79.052335
60780,Unknown,UNKNOWN,17.649187,79.04826
60781,Kolanpaka Bus Stop,Kolanpaka Bus Stop,17.694847,79.037124
60782,Pochannapet,Pochannapet,17.7504,79.037851
60783,Gopal Nagar Bachannapet,Gopal Nagar Bachannapet,17.784442,79.034313
60784,Bachannapet,Bachannapet,17.790418,79.034926
60785,Bachannapet,Bachannapet,17.789654,79.03389
60786,Kandukuru X Road-Nlg,Kandukuru X Road-Nlg,17.603753,78.998026
60787,Ramjipet,Ramjipet,17.587805,78.990404
60788,Bhuvanagiri Bus Station,Bhuvanagiri Bus Station,17.516231,78.886704
60789,Kondamadugu,Kondamadugu,17.468501,78.761206
60790,Capol,Capol,17.46759,78.750873
60791,Aushapur Gatkesar,Aushapur Gatkesar,17.461291,78.735723
60792,Spr Hills,Spr Hills,17.459,78.725
60793,Ankushapur X Roads,Ankushapur X Roads,17.458,78.721
60794,Nfc X Roads,Nfc X Roads,17.454606,78.702554
60795,Annojiguda,Annojiguda,17.433296,78.655044
60796,Jodimetla X Rd,Jodimetla X Rd,17.424276,78.643874
60797,Vijayapuri Colony,Vijayapuri Colony,17.421815,78.638495
60798,Narapally,Narapally,17.417738,78.630934
60799,Cpri,Cpri,17.413,78.615
60800,Chengicherla X Rd,Chengicherla X Rd,17.411354,78.607058
60801,Canara Nagar,Canara Nagar,17.407428,78.595709
60802,Uppal X Roads,Uppal X Roads,17.402459,78.55948
60803,Giri Nagar,Giri Nagar,17.488914,78.444933
60804,Ranga Reddy Nagar Bus Stop,Ranga Reddy Nagar Bus Stop,17.493995,78.433817
60805,Kamaan Hyd Bus Stop,Kamaan Hyd Bus Stop,17.495139,78.431971
60806,Papireddy Nagar Jagathgiriguitta,Papireddy Nagar Jagathgiriguitta,17.497673,78.43185
60807,Lalbazar,Lalbazar,17.479008,78.51433
60808,Nagmandir,Nagmandir,17.48823,78.51683
60809,Cavalry Barracs,Cavalry Barracs,17.496,78.52108
60810,Eme Centre,Eme Centre,17.49842,78.52683
60811,Ammuguda,Ammuguda,17.496871,78.532511
60812,Jj Nagar,Jj Nagar,17.499605,78.537082
60813,Yapral Water Tank,Yapral Water Tank,17.501936,78.539227
60814,Yapral,Yapral,17.504784,78.540124
60815,Yapral Zphs,Yapral Zphs,17.50794,78.54091
60816,Hanuman Temple-Yapral,Hanuman Temple-Yapral,17.513042,78.54042
60817,Meghadri Heights,Meghadri Heights,17.51292,78.54226
60818,Poultry Farm Balaji Nagar,Poultry Farm Balaji Nagar,17.513275,78.554311
60819,Ex Serviceman Colony,Ex Serviceman Colony,17.512576,78.557968
60820,Balajinagar-Jawahar Nagar,Balajinagar-Jawahar Nagar,17.51287,78.56261
60821,Chennapuram,Chennapuram,17.514999,78.569198
60822,Chennapur Ntr Statue,Chennapur Ntr Statue,17.515336,78.571043
60823,Devendra Nagar-Ramanthapur,Devendra Nagar-Ramanthapur,17.514318,78.572703
60824,Devendra Nagar-Ramanthapur,Devendra Nagar-Ramanthapur,17.514282,78.572604
60825,Chennapuram,Chennapuram,17.514983,78.56931
60826,Balaji Nagar-Bandlaguda Jagir,Balaji Nagar-Bandlaguda Jagir,17.51279,78.5627
60827,Poultry Farm Balaji Nagar,Poultry Farm Balaji Nagar,17.513152,78.554306
60828,Meghadri Heights,Meghadri Heights,17.5129,78.54254
60829,Hanuman Temple-Yapral,Hanuman Temple-Yapral,17.512548,78.540149
60830,Yapral Zphs,Yapral Zphs,17.50843,78.54114
60831,Yapral,Yapral,17.504777,78.540271
60832,Ammuguda,Ammuguda,17.496791,78.532081
60833,Eme Centre,Eme Centre,17.49821,78.5275
60834,Cavalry Barracs,Cavalry Barracs,17.49557,78.52121
60835,Nagmandir,Nagmandir,17.48586,78.51677
60836,Lalbazar,Lalbazar,17.478934,78.514145
60837,Diamond Point,Diamond Point,17.462308,78.491065
60838,Rk Puram,Rk Puram,17.476437,78.52599
60839,Military Hospital,Military Hospital,17.474193,78.517206
60840,Bowenpally Market,Bowenpally Market,17.468922,78.494821
60841,Gar Kokapet,Gar Kokapet,17.407046,78.329934
60842,Gar Kokapet,Gar Kokapet,17.404839,78.330234
60843,Financial District,Financial District,17.415523,78.333841
60844,Power Welfare Society,Power Welfare Society,17.420254,78.33636
60845,Sheesh Mahal,Sheesh Mahal,17.434691,78.448929
60846,Green Land,Green Land,17.435631,78.454482
60847,Ameerpet,Ameerpet,17.434764,78.447967
60848,Sathyam Theatre Ameerpet,Sathyam Theatre Ameerpet,17.437418,78.44808
60849,Unknown,UNKNOWN,17.431876,78.486819
60850,Vijayanagar Colony,Vijayanagar Colony,17.395135,78.454661
60851,Vijayanagar Colony,Vijayanagar Colony,17.395394,78.454543
60852,Middle Tank Band,Middle Tank Band,17.423458,78.485918
60853,Kothaguda-Kondapur,Kothaguda-Kondapur,17.458513,78.366219
60854,Anjaiah Nagar,Anjaiah Nagar,17.451991,78.363804
60855,Anjaiah Nagar,Anjaiah Nagar,17.452137,78.363446
60856,Mind Space Centre,Mind Space Centre,17.440775,78.375242
60857,Raddison Hotel,Raddison Hotel,17.447842,78.363111
60858,Dlf,Dlf,17.448031,78.355887
60859,Deloitte,Deloitte,17.440623,78.367175
60860,Rajiv Circle  Green Lands,Rajiv Circle  Green Lands,17.435278,78.455064
60861,Ameerpet,Ameerpet,17.434183,78.446044
60862,Hcu Depot,Hcu Depot,17.467007,78.330406
60863,Miyapur Depot,Miyapur Depot,17.512416,78.360132
60864,Mayuri Nagar Bus Stop,Mayuri Nagar Bus Stop,17.514645,78.372589
60865,Aleap X Roads,Aleap X Roads,17.531695,78.39413
60866,Pragathi Nagar,Pragathi Nagar,17.520855,78.396292
60867,Hmt Hills Colony,Hmt Hills Colony,17.505258,78.396015
60868,Unknown,UNKNOWN,17.557536,78.164967
60869,Bachupally,Bachupally,17.541025,78.363786
60870,Rajeev Gandhi Nagar 2-,Rajeev Gandhi Nagar 2-,17.535366,78.365189
60871,Nizampet Village,Nizampet Village,17.516109,78.382167
60872,Kphb Colony Mig,Kphb Colony Mig,17.4874,78.391456
60873,Kphb Colony Mig,Kphb Colony Mig,17.487625,78.391279
60874,Hmt Hills Colony,Hmt Hills Colony,17.502869,78.391984
60875,Hmt Hills Colony,Hmt Hills Colony,17.505406,78.395873
60876,Aleap X Roads,Aleap X Roads,17.532,78.394
60877,Lothukunta,Lothukunta,17.493946,78.512844
60878,Rashtrapathi Nilayam,Rashtrapathi Nilayam,17.501291,78.51896
60879,Dental College,Dental College,17.52265,78.57827
60880,Malkaram Bus Stop,Malkaram Bus Stop,17.524171,78.581095
60881,Crpf X Roads,Crpf X Roads,17.52836,78.590223
60882,Malkaram Bus Stop,Malkaram Bus Stop,17.532326,78.582901
60883,Farah Nagar,Farah Nagar,17.534046,78.574739
60884,Malleguda,Malleguda,17.534572,78.568855
60885,Crpf Hyd Bus Stop,Crpf Hyd Bus Stop,17.533966,78.562267
60886,Ntr Garden,Ntr Garden,17.414505,78.467324
60887,Chengicherla X Rd,Chengicherla X Rd,17.411715,78.606892
60888,Rtc Colony-Cgcl,Rtc Colony-Cgcl,17.419806,78.606818
60889,Sai Nagar Colony-Chengicherla,Sai Nagar Colony-Chengicherla,17.426571,78.606565
60890,Chengicherla,Chengicherla,17.43313,78.608453
60891,Unknown,UNKNOWN,17.419262,78.609977
60892,Malleguda,Malleguda,17.534728,78.568869
60893,Dental College,Dental College,17.522512,78.578281
60894,Rashtrapathi Nilayam,Rashtrapathi Nilayam,17.501301,78.519142
60895,Sanat Nagar Ps,Sanat Nagar Ps,17.4564,78.4426
60896,Chengicherla,Chengicherla,17.433287,78.608566
60897,Sai Nagar Colony-Chengicherla,Sai Nagar Colony-Chengicherla,17.42659,78.606641
60898,Rtc Colony-Cgcl,Rtc Colony-Cgcl,17.419837,78.606877
60899,Ntr Garden,Ntr Garden,17.414268,78.467816
60900,Sikh Village,Sikh Village,17.456593,78.490126
60901,Chenna Reddy Nagar Industrial Area,Chenna Reddy Nagar Industrial Area,17.490379,78.441825
60902,Sikh Village,Sikh Village,17.456422,78.49024
60903,Maithrivanam,Maithrivanam,17.436176,78.444381
60904,Durgam Cheruvu X Rd,Durgam Cheruvu X Rd,17.441,78.39
60905,Lalbazar,Lalbazar,17.479154,78.51132
60906,Kowkoor X Road,Kowkoor X Road,17.526906,78.542347
60907,Kowkoor,Kowkoor,17.525721,78.533294
60908,Kowkoor X Road,Kowkoor X Road,17.527394,78.522774
60909,Risala Bazar,Risala Bazar,17.527058,78.522849
60910,Koteshwara Temple,Koteshwara Temple,17.534429,78.523927
60911,Cisf Hakimpet,Cisf Hakimpet,17.542662,78.530916
60912,Kphb 4Th Phase,Kphb 4Th Phase,17.471173,78.388087
60913,Kphb Lodha Apartment,Kphb Lodha Apartment,17.473029,78.393471
60914,Telephone Exchange,Telephone Exchange,17.483,78.393
60915,Family Dhaba,Family Dhaba,17.411023,78.331237
60916,Family Dhaba,Family Dhaba,17.411079,78.331085
60917,Siddhi Vinayak Nagar,Siddhi Vinayak Nagar,17.459213,78.384634
60918,Chandranaik Thanda,Chandranaik Thanda,17.466498,78.385938
60919,Chandranaik Thanda,Chandranaik Thanda,17.46645,78.385837
60920,Nizampet Village,Nizampet Village,17.516045,78.382097
60921,Raithu Bazar-Alwal,Raithu Bazar-Alwal,17.506926,78.516047
60922,Nizampet 'X' Rds,Nizampet 'X' Rds,17.499486,78.389468
60923,Rajeev Gandhi Nagar 2-,Rajeev Gandhi Nagar 2-,17.535946,78.364862
60924,Loyola Junior College,Loyola Junior College,17.502567,78.484569
60925,Loyola Junior College,Loyola Junior College,17.502751,78.484493
60926,Vikrampuri,Vikrampuri,17.449,78.4966
60927,Smr Vinay Iconia,Smr Vinay Iconia,17.46783,78.33467
60928,Chirec School,Chirec School,17.463496,78.347626
60929,Bachupally,Bachupally,17.534456,78.35755
60930,Mallampet-Ameennpur,Mallampet-Ameennpur,17.556158,78.362788
60931,Mallampet-Ameennpur,Mallampet-Ameennpur,17.559,78.365
60932,Military Hospital,Military Hospital,17.474363,78.517167
60933,Officers Mess,Officers Mess,17.474616,78.519575
60934,Rk Puram,Rk Puram,17.476528,78.526055
60935,Sainikpuri,Sainikpuri,17.483714,78.550024
60936,As Rao Nagar,As Rao Nagar,17.479608,78.558052
60937,Kamla Nagar-As Rao Nagar,Kamla Nagar-As Rao Nagar,17.476368,78.567516
60938,Officers Mess,Officers Mess,17.474533,78.51991
60939,Alwal,Alwal,17.502541,78.513823
60940,Dulapally,Dulapally,17.546611,78.466861
60941,Maisammaguda,Maisammaguda,17.562333,78.453959
60942,Dulapally,Dulapally,17.546658,78.466883
60943,St Martins Engg College,St Martins Engg College,17.543967,78.477428
60944,Srinivas Nagar-Kompally,Srinivas Nagar-Kompally,17.541658,78.486076
60945,Chirec School,Chirec School,17.46322,78.347561
60946,Unknown,UNKNOWN,17.552368,78.199769
60947,Lingareddy Pet,Lingareddy Pet,17.807125,78.471553
60948,Toopran Bypass,Toopran Bypass,17.812641,78.471141
60949,Raveli Road,Raveli Road,17.817296,78.47342
60950,Nagulapally Highway Bridge,Nagulapally Highway Bridge,17.865294,78.471018
60951,Bommaram Gate,Bommaram Gate,17.884895,78.468473
60952,Unknown,UNKNOWN,17.941117,78.459334
60953,Reddy Palli Road-Chegunta,Reddy Palli Road-Chegunta,17.990571,78.45576
60954,Kaslapur,Kaslapur,18.058742,78.427947
60955,Sangapur-Chegunta,Sangapur-Chegunta,18.06883,78.428299
60956,Komatipally-Medak,Komatipally-Medak,18.095159,78.440301
60957,Unknown,UNKNOWN,18.102717,78.435525
60958,Jagadgiri Gutta,Jagadgiri Gutta,17.501283,78.429243
60959,Aiims Bibi Nagar,Aiims Bibi Nagar,17.469778,78.777385
60960,Unknown,UNKNOWN,18.102929,78.435567
60961,Komatipally-Medak,Komatipally-Medak,18.095316,78.440409
60962,Sangapur-Chegunta,Sangapur-Chegunta,18.068957,78.428484
60963,Kaslapur,Kaslapur,18.058678,78.428069
60964,Reddy Palli Road-Chegunta,Reddy Palli Road-Chegunta,17.991009,78.455917
60965,Unknown,UNKNOWN,17.978376,78.461182
60966,Unknown,UNKNOWN,17.969701,78.462478
60967,Bommaram Gate,Bommaram Gate,17.884991,78.468623
60968,Toopran Bypass,Toopran Bypass,17.865085,78.472133
60969,Raveli Road,Raveli Road,17.81736,78.473545
60970,Lingareddy Pet,Lingareddy Pet,17.80714,78.471681
60971,Unknown,UNKNOWN,17.561208,78.412085
60972,Bowrampet,Bowrampet,17.562284,78.401157
60973,Unknown,UNKNOWN,17.80105,78.47171
60974,Unknown,UNKNOWN,17.801088,78.471847
60975,Yellamma Temple-Patancheru,Yellamma Temple-Patancheru,17.526,78.251
60976,Pati X Roads,Pati X Roads,17.524,78.248
60977,Patighanpur,Patighanpur,17.507161,78.24302
60978,Ghanpur X Road,Ghanpur X Road,17.511714,78.221047
60979,Velemela,Velemela,17.480178,78.238943
60980,Velemela,Velemela,17.480436,78.238859
60981,Patighanpur,Patighanpur,17.5071,78.241528
60982,Bank Colony X Rd Suchitra,Bank Colony X Rd Suchitra,17.501068,78.472407
60983,Godavari Homes Suchitra,Godavari Homes Suchitra,17.503,78.469
60984,Chermas Suchitra,Chermas Suchitra,17.505066,78.467553
60985,Jairamnagar,Jairamnagar,17.507617,78.46236
60986,Quthubullapur X Road,Quthubullapur X Road,17.507652,78.459849
60987,Narsinghi,Narsinghi,17.385653,78.35449
60988,Kokapet X Rd,Kokapet X Rd,17.397627,78.350099
60989,Chermas Suchitra,Chermas Suchitra,17.505125,78.467703
60990,Thirumalgiri,Thirumalgiri,17.471081,78.509802
60991,Thirumalgiri,Thirumalgiri,17.471193,78.509826
60992,Kalpana,Kalpana,17.423379,78.49452
60993,Beeramguda,Beeramguda,17.516945,78.300039
60994,Bhel M Enclave,Bhel M Enclave,17.539389,78.289325
60995,Unknown,UNKNOWN,17.449059,78.611544
60996,East Anandbagh,East Anandbagh,17.45778,78.543988
60997,Lalaguda Market,Lalaguda Market,17.439091,78.529002
60998,Bhel Church,Bhel Church,17.499404,78.308361
60999,Raghavendra Colony,Raghavendra Colony,17.530509,78.298367
61000,Mettuguda,Mettuguda,17.436599,78.51988
61001,Sairam Theatre Malkajgiri,Sairam Theatre Malkajgiri,17.446174,78.535548
61002,Anutex,Anutex,17.450296,78.532392
61003,Vani Nagar Malkajgiri,Vani Nagar Malkajgiri,17.452,78.533
61004,Rk Nagar,Rk Nagar,17.455335,78.535477
61005,Unknown,UNKNOWN,17.449159,78.611587
61006,Unknown,UNKNOWN,17.419519,78.574267
61007,Indra Nagar-Boduppal,Indra Nagar-Boduppal,17.421685,78.582388
61008,Bangaru Maisamma Temple,Bangaru Maisamma Temple,17.420744,78.585377
61009,Venkata Sai Nagar,Venkata Sai Nagar,17.426122,78.596151
61010,My Villas,My Villas,17.450442,78.597908
61011,Shakti Sai Nagar,Shakti Sai Nagar,17.445908,78.582399
61012,Shakti Sai Nagar,Shakti Sai Nagar,17.445939,78.582335
61013,My Villas,My Villas,17.450678,78.59816
61014,Plaza,Plaza,17.443735,78.490491
61015,Kakatiya Colony-Chengicherla,Kakatiya Colony-Chengicherla,17.439544,78.608151
61016,Ntpc Annojiguda,Ntpc Annojiguda,17.435846,78.661307
61017,Ntpc Annojiguda,Ntpc Annojiguda,17.436326,78.662886
61018,Bhagya Nagar Colony,Bhagya Nagar Colony,17.518496,78.574639
61019,Bhagya Nagar Colony,Bhagya Nagar Colony,17.518311,78.574613
61020,Ramkoti,Ramkoti,17.390517,78.485198
61021,Unknown,UNKNOWN,17.526861,78.298509
61022,Bhel M Enclave,Bhel M Enclave,17.537373,78.297332
61023,Bhel Metro Water Tank,Bhel Metro Water Tank,17.539409,78.288965
61024,Unknown,UNKNOWN,17.539499,78.285385
61025,Srinivas Nagar-Kompally,Srinivas Nagar-Kompally,17.541571,78.486008
61026,Putlibowli,Putlibowli,17.380549,78.484703
61027,Hanuman Temple-Yapral,Hanuman Temple-Yapral,17.513218,78.540117
61028,Working Womens Hostel,Working Womens Hostel,17.421393,78.410749
61029,Working Womens Hostel,Working Womens Hostel,17.420926,78.411242
61030,Kvr Valley,Kvr Valley,17.564113,78.36359
61031,Hmt Colony-Miyapur,Hmt Colony-Miyapur,17.517069,78.339626
61032,Chithrapuri Colony,Chithrapuri Colony,17.41509,78.382613
61033,Lanco Appartments,Lanco Appartments,17.408965,78.372804
61034,Lanco Appartments,Lanco Appartments,17.408837,78.372704
61035,Niharika Exotica-Manikonda,Niharika Exotica-Manikonda,17.414465,78.367709
61036,Niharika Exotica-Manikonda,Niharika Exotica-Manikonda,17.414428,78.367821
61037,Ambedkar Open University,Ambedkar Open University,17.431522,78.395047
61038,Sri Ram Nagar-Kondapur,Sri Ram Nagar-Kondapur,17.460682,78.353291
61039,Premnagar-Hafizpet,Premnagar-Hafizpet,17.478485,78.349729
61040,Calvary Temple,Calvary Temple,17.487208,78.368424
61041,Vajpayee Nagar,Vajpayee Nagar,17.47787,78.537381
61042,Vinayak Nagar X Rd Safilguda,Vinayak Nagar X Rd Safilguda,17.469201,78.539008
61043,Vasanth Vihar Colony,Vasanth Vihar Colony,17.412,78.545
61044,Street No 8,Street No 8,17.405,78.544
61045,Srinivas Puram,Srinivas Puram,17.39,78.53
61046,Venkatareddy Ramanthapur,Venkatareddy Ramanthapur,17.386,78.528
61047,Srinivas Puram,Srinivas Puram,17.39,78.532
61048,Police Line-Amberpet,Police Line-Amberpet,17.386696,78.516637
61049,Patel Nagar-Amberpet,Patel Nagar-Amberpet,17.386196,78.523953
61050,Hpcl-Ghatkesar,Hpcl-Ghatkesar,17.457141,78.715351
61051,Ankushapur X Roads,Ankushapur X Roads,17.458298,78.720914
61052,Spr Hills,Spr Hills,17.46,78.726
61053,Unknown,UNKNOWN,17.463793,78.743123
61054,Bibi Nagar,Bibi Nagar,17.4701,78.79401
61055,Unknown,UNKNOWN,17.45494,78.802679
61056,Unknown,UNKNOWN,17.449859,78.809202
61057,Brahmanapally Bibinagar,Brahmanapally Bibinagar,17.438,78.819
61058,Lakshmidevigudem-Bibinagar,Lakshmidevigudem-Bibinagar,17.434679,78.819083
61059,Hindustan Bc Colony Chinaravulapalle,Hindustan Bc Colony Chinaravulapalle,17.424095,78.823315
61060,Chinnaravulapally,Chinnaravulapally,17.422,78.827
61061,Battugudem,Battugudem,17.420764,78.839001
61062,Mamillagudem Bibi Nagar,Mamillagudem Bibi Nagar,17.416341,78.849156
61063,Gurrala Dandi,Gurrala Dandi,17.41463,78.851331
61064,Kotha Tanda-Bibinagar,Kotha Tanda-Bibinagar,17.410803,78.864959
61065,Jampalle,Jampalle,17.407,78.881
61066,Reddy Naik Tanda-Bibinagar,Reddy Naik Tanda-Bibinagar,17.412881,78.890446
61067,Sirivenikunta,Sirivenikunta,17.40947,78.911606
61068,Bollepally,Bollepally,17.406109,78.923995
61069,Vijayanagarm-Bhuvanagiri,Vijayanagarm-Bhuvanagiri,17.423455,78.932642
61070,Unknown,UNKNOWN,17.426773,78.935092
61071,Nagireddypally,Nagireddypally,17.429678,78.93786
61072,Nagireddypally,Nagireddypally,17.429721,78.937621
61073,Unknown,UNKNOWN,17.426705,78.935164
61074,Vijayanagarm-Bhuvanagiri,Vijayanagarm-Bhuvanagiri,17.42332,78.932658
61075,Bollepally,Bollepally,17.406303,78.924907
61076,Sirivenikunta,Sirivenikunta,17.409246,78.911426
61077,Kotha Tanda-Bibinagar,Kotha Tanda-Bibinagar,17.410736,78.864906
61078,Mamillagudem Bibi Nagar,Mamillagudem Bibi Nagar,17.416159,78.849175
61079,Battugudem,Battugudem,17.420781,78.838781
61080,Hindustan Bc Colony Chinaravulapalle,Hindustan Bc Colony Chinaravulapalle,17.424,78.823
61081,Lakshmidevigudem-Bibinagar,Lakshmidevigudem-Bibinagar,17.434795,78.818981
61082,Brahmanapally Bibinagar,Brahmanapally Bibinagar,17.437,78.819
61083,Unknown,UNKNOWN,17.44981,78.809124
61084,Unknown,UNKNOWN,17.454823,78.802625
61085,Bibi Nagar,Bibi Nagar,17.469975,78.793811
61086,Unknown,UNKNOWN,17.463855,78.743455
61087,Raheem Khan Guda,Raheem Khan Guda,17.451113,78.794653
61088,Ambedkar Nagar Dammaiguda,Ambedkar Nagar Dammaiguda,17.506739,78.583818
61089,Bjr Nagar,Bjr Nagar,17.509425,78.575992
61090,Pragathi Nagar-Nagaram,Pragathi Nagar-Nagaram,17.511525,78.576874
61091,Lalaguda Market,Lalaguda Market,17.439176,78.529021
61092,Rtc Colony Moula Ali,Rtc Colony Moula Ali,17.462322,78.551326
61093,Bharath Nagar Moula Ali,Bharath Nagar Moula Ali,17.468477,78.552691
61094,Old Safilguda,Old Safilguda,17.469146,78.548936
61095,Sainath Puram,Sainath Puram,17.476,78.552
61096,Old Safilguda,Old Safilguda,17.469128,78.549044
61097,Santhoshi Mata Temple,Santhoshi Mata Temple,17.468744,78.544012
61098,Sainath Puram,Sainath Puram,17.476123,78.551691
61099,Santoshima Nagar,Santoshima Nagar,17.468683,78.544336
61100,Rail Nilayam,Rail Nilayam,17.438835,78.509714
61101,Shenoy Nursing Home,Shenoy Nursing Home,17.447065,78.50851
61102,Tukaram Gate Railway Gate,Tukaram Gate Railway Gate,17.441169,78.52239
61103,Jyothi Nagar-Malkajgiri,Jyothi Nagar-Malkajgiri,17.444214,78.524952
61104,Mallikarjuna Nagar Malkajgiri,Mallikarjuna Nagar Malkajgiri,17.44852,78.527218
61105,Uttam Nagar,Uttam Nagar,17.459917,78.531781
61106,Uttam Nagar,Uttam Nagar,17.459937,78.531733
61107,Mallikarjuna Nagar Malkajgiri,Mallikarjuna Nagar Malkajgiri,17.448874,78.526969
61108,Jyothi Nagar-Malkajgiri,Jyothi Nagar-Malkajgiri,17.44399,78.525243
61109,Shenoy Nursing Home,Shenoy Nursing Home,17.447039,78.508649
61110,Fly Quaters,Fly Quaters,17.484,78.511
61111,Pg Collegebolarum,Pg Collegebolarum,17.521,78.521
61112,Sadhana Mandhir,Sadhana Mandhir,17.522385,78.521755
61113,Kot Temple-Bolarum,Kot Temple-Bolarum,17.535979,78.524099
61114,Yamjal X Roads,Yamjal X Roads,17.555634,78.538207
61115,Ap Sport School,Ap Sport School,17.559622,78.544366
61116,Thumkunta-Shamirpet,Thumkunta-Shamirpet,17.566962,78.554081
61117,Dongala Mysamma Temple,Dongala Mysamma Temple,17.573786,78.565944
61118,Soul Darga,Soul Darga,17.586012,78.573055
61119,Shamirpet Hospital,Shamirpet Hospital,17.594047,78.56949
61120,Shamirpet,Shamirpet,17.595987,78.568949
61121,Mro Shamirpet,Mro Shamirpet,17.606047,78.568822
61122,Aliabad X Road,Aliabad X Road,17.61937,78.571644
61123,Aliabad Shamirpet,Aliabad Shamirpet,17.625566,78.594808
61124,Lalgadi Malakpet,Lalgadi Malakpet,17.631206,78.606596
61125,Kolthur X Rd,Kolthur X Rd,17.627826,78.616946
61126,Jaggamguda,Jaggamguda,17.625434,78.625052
61127,Ravileela,Ravileela,17.629462,78.632466
61128,Kesavaram-Shamirpet,Kesavaram-Shamirpet,17.633524,78.652349
61129,Nagisettipalle,Nagisettipalle,17.641001,78.666988
61130,Potharam X Roads,Potharam X Roads,17.65571,78.679247
61131,Mooduchinthapally,Mooduchinthapally,17.652128,78.688866
61132,Lakshimapur,Lakshimapur,17.663182,78.702534
61133,Unknown,UNKNOWN,17.654777,78.710797
61134,Thimmapur-Bommalaramaram,Thimmapur-Bommalaramaram,17.642611,78.727609
61135,Boinpalle X Road,Boinpalle X Road,17.6356,78.743079
61136,Madhapur X Road,Madhapur X Road,17.646974,78.744642
61137,Nagaipalle Village,Nagaipalle Village,17.650609,78.742522
61138,Gopalpuram,Gopalpuram,17.671983,78.754396
61139,Unknown,UNKNOWN,17.677794,78.761281
61140,Unknown,UNKNOWN,17.682438,78.776586
61141,Kondapur-M Turkapalle,Kondapur-M Turkapalle,17.687285,78.786411
61142,Kondapur-M Turkapalle,Kondapur-M Turkapalle,17.687204,78.786376
61143,Unknown,UNKNOWN,17.677746,78.761287
61144,Thimmapur-Bommalaramaram,Thimmapur-Bommalaramaram,17.642488,78.727641
61145,Unknown,UNKNOWN,17.654536,78.710425
61146,Lakshimapur,Lakshimapur,17.663125,78.702487
61147,Potharam X Roads,Potharam X Roads,17.655728,78.679316
61148,Nagisettipalle,Nagisettipalle,17.640975,78.666991
61149,Kesavaram-Shamirpet,Kesavaram-Shamirpet,17.63343,78.652306
61150,Ravileela,Ravileela,17.629319,78.632551
61151,Jaggamguda,Jaggamguda,17.625352,78.625006
61152,Lalgadi Malakpet,Lalgadi Malakpet,17.631101,78.606588
61153,Aliabad Shamirpet,Aliabad Shamirpet,17.625247,78.594797
61154,Aliabad X Road,Aliabad X Road,17.619293,78.571503
61155,Mro Shamirpet,Mro Shamirpet,17.605811,78.568881
61156,Shamirpet,Shamirpet,17.595175,78.569195
61157,Soul Darga,Soul Darga,17.586041,78.573161
61158,Dongala Mysamma Temple,Dongala Mysamma Temple,17.57367,78.565968
61159,Thumukunta,Thumukunta,17.564517,78.551811
61160,Ap Sport School,Ap Sport School,17.559239,78.544151
61161,Yamjal X Roads,Yamjal X Roads,17.555163,78.537735
61162,Kowkoor X Road,Kowkoor X Road,17.527067,78.522715
61163,Sadhana Mandhir,Sadhana Mandhir,17.522319,78.522055
61164,Dgqa,Dgqa,17.469,78.503
61165,Apcpcdl-Tirumalagiri,Apcpcdl-Tirumalagiri,17.471,78.501
61166,Rtc Colony Bowenpally,Rtc Colony Bowenpally,17.473265,78.499514
61167,Kabela-Bowenpally,Kabela-Bowenpally,17.476,78.498
61168,Teachers Colony Lalbazar,Teachers Colony Lalbazar,17.481009,78.501889
61169,Subhash Nagar X Rd Lalbzazar,Subhash Nagar X Rd Lalbzazar,17.483069,78.499753
61170,Subhash Nagar Lal Bazar,Subhash Nagar Lal Bazar,17.484888,78.502707
61171,Bhudevinagar,Bhudevinagar,17.491404,78.503044
61172,Gollaguda,Gollaguda,17.487,78.504
61173,Subhash Nagar Lal Bazar,Subhash Nagar Lal Bazar,17.484962,78.502813
61174,Apcpcdl-Tirumalagiri,Apcpcdl-Tirumalagiri,17.471,78.502
61175,Vibhav Colony,Vibhav Colony,17.427596,78.649042
61176,Annapurna Colony-Ghatkesar,Annapurna Colony-Ghatkesar,17.458,78.688
61177,Kondapur-Ghatkesar,Kondapur-Ghatkesar,17.462856,78.689787
61178,Vignan School-Ghatkesar,Vignan School-Ghatkesar,17.477765,78.693337
61179,Holy Mery College,Holy Mery College,17.489349,78.693143
61180,Bogaram,Bogaram,17.506744,78.686986
61181,Holy Mery College,Holy Mery College,17.489467,78.693193
61182,Kondapur-Ghatkesar,Kondapur-Ghatkesar,17.468936,78.692225
61183,Annapurna Colony-Ghatkesar,Annapurna Colony-Ghatkesar,17.457926,78.688127
61184,Vibhav Colony,Vibhav Colony,17.427345,78.649009
61185,Padmarao Nagar,Padmarao Nagar,17.4256,78.506913
61186,Bolakpur,Bolakpur,17.421773,78.49692
61187,Kalpana,Kalpana,17.423307,78.494563
61188,Park View Appartment,Park View Appartment,17.414602,78.485837
61189,Ntr Stadium,Ntr Stadium,17.411325,78.484738
61190,Kistamma Enclave,Kistamma Enclave,17.5,78.496
61191,Kanazi Guda,Kanazi Guda,17.484013,78.496901
61192,Indira Nagar-Hasmathpet,Indira Nagar-Hasmathpet,17.485348,78.493039
61193,Green Fields,Green Fields,17.491008,78.492713
61194,Indira Nagar-Hasmathpet,Indira Nagar-Hasmathpet,17.485412,78.49306
61195,Kanazi Guda,Kanazi Guda,17.484199,78.49714
61196,Subhash Nagar X Rd Lalbzazar,Subhash Nagar X Rd Lalbzazar,17.483058,78.499876
61197,Telecom Colony,Telecom Colony,17.492861,78.497736
61198,Mazjid Laxmi Emerald,Mazjid Laxmi Emerald,17.438451,78.532325
61199,Noori Pan Shop,Noori Pan Shop,17.437515,78.533996
61200,Shantinagar Lallaguda,Shantinagar Lallaguda,17.435747,78.537349
61201,Prashanth Nagar-Maulali,Prashanth Nagar-Maulali,17.446154,78.544403
61202,Noori Pan Shop,Noori Pan Shop,17.437489,78.533894
61203,Mazjid Laxmi Emerald,Mazjid Laxmi Emerald,17.438467,78.532183
61204,Himayath Sagar,Himayath Sagar,17.325,78.374
61205,Walanthari,Walanthari,17.32269,78.381931
61206,Sardar Patel Nagar Malkajgiri,Sardar Patel Nagar Malkajgiri,17.45,78.543
61207,Sardar Patel Nagar Malkajgiri,Sardar Patel Nagar Malkajgiri,17.45,78.544
61208,Padmarao Nagar,Padmarao Nagar,17.425549,78.507638
61209,Skandagiri,Skandagiri,17.422695,78.508395
61210,Srinivas Colony,Srinivas Colony,17.421021,78.508759
61211,Bapuji Nagar,Bapuji Nagar,17.418278,78.505946
61212,Gangaputra Colony,Gangaputra Colony,17.416048,78.507011
61213,Parsigutta,Parsigutta,17.415785,78.510052
61214,Bapuji Nagar,Bapuji Nagar,17.418603,78.509588
61215,Srinivas Colony,Srinivas Colony,17.420962,78.508866
61216,Skandagiri,Skandagiri,17.42265,78.508371
61217,Padmarao Nagar,Padmarao Nagar,17.426401,78.506869
61218,Gpra Quarters,Gpra Quarters,17.44,78.356
61219,Global International School,Global International School,17.397,78.589
61220,Peerzadiguda,Peerzadiguda,17.395,78.594
61221,Rtc Colony Upl,Rtc Colony Upl,17.391,78.601
61222,Parwathapur Peerzaziguda,Parwathapur Peerzaziguda,17.391,78.605
61223,Gandhi Nagar-Peerzadiguda,Gandhi Nagar-Peerzadiguda,17.391902,78.610024
61224,Kachavasingaram,Kachavasingaram,17.389,78.632
61225,Muthyalaguda,Muthyalaguda,17.389,78.638
61226,Pratap Singaram,Pratap Singaram,17.386,78.662
61227,Gandhi Nagar-Peerzadiguda,Gandhi Nagar-Peerzadiguda,17.391827,78.61001
61228,Peerzadiguda,Peerzadiguda,17.395,78.593
61229,Bokkoniguda,Bokkoniguda,17.442456,78.696949
61230,Nfc Nagar,Nfc Nagar,17.441285,78.700006
61231,Chandupatla Guda,Chandupatla Guda,17.438657,78.706786
61232,Unknown,UNKNOWN,17.432752,78.70669
61233,Marripallygudam,Marripallygudam,17.430021,78.707126
61234,Edulabad,Edulabad,17.425457,78.709957
61235,Edulabad,Edulabad,17.418948,78.708494
61236,Potharaju Gudem,Potharaju Gudem,17.409165,78.723419
61237,Maktha Anantharam,Maktha Anantharam,17.393,78.739
61238,Unknown,UNKNOWN,17.389283,78.736503
61239,Kendriya Vidyalaya Gachibowli,Kendriya Vidyalaya Gachibowli,17.4399,78.3557
61240,Aykar Bhavan,Aykar Bhavan,17.401284,78.473877
61241,Guvvaleti X Roads,Guvvaleti X Roads,17.377477,78.733478
61242,Unknown,UNKNOWN,17.389262,78.73631
61243,Marripallygudam,Marripallygudam,17.429977,78.707111
61244,Unknown,UNKNOWN,17.432714,78.706621
61245,Chandupatla Guda,Chandupatla Guda,17.438618,78.706833
61246,Nfc Nagar,Nfc Nagar,17.441235,78.70006
61247,Unknown,UNKNOWN,17.66955,78.685563
61248,Narayanpur Turkapally,Narayanpur Turkapally,17.688957,78.681829
61249,Unknown,UNKNOWN,17.683933,78.668976
61250,Anantharam-Shamirpet,Anantharam-Shamirpet,17.683629,78.663762
61251,Anantharam-Shamirpet,Anantharam-Shamirpet,17.683526,78.663815
61252,Anantharam-Shamirpet,Anantharam-Shamirpet,17.682082,78.664985
61253,Narayanpur Turkapally,Narayanpur Turkapally,17.688972,78.681749
61254,Mig-Bhel,Mig-Bhel,17.483241,78.296577
61255,Aoc Swimming Pool,Aoc Swimming Pool,17.459144,78.515948
61256,Laxmi Nagar West Marredpally,Laxmi Nagar West Marredpally,17.455003,78.503209
61257,Middle Tank Band,Middle Tank Band,17.41,78.476
61258,Chowdariguda Road,Chowdariguda Road,17.422165,78.64887
61259,Anurag University,Anurag University,17.420732,78.656893
61260,Venkatapur-Majarguda,Venkatapur-Majarguda,17.414171,78.665698
61261,Tenugudem,Tenugudem,17.412059,78.670183
61262,Venkatapur-Majarguda,Venkatapur-Majarguda,17.414047,78.665736
61263,Unknown,UNKNOWN,17.420748,78.656455
61264,Chowdariguda Road,Chowdariguda Road,17.422219,78.648551
61265,Balaji Hills Chilkanagar,Balaji Hills Chilkanagar,17.414817,78.571054
61266,Balaji Temple-Chilkanagar,Balaji Temple-Chilkanagar,17.410099,78.571182
61267,Annojiguda,Annojiguda,17.433482,78.654728
61268,Singapore Township,Singapore Township,17.43808,78.653569
61269,Infosys Pocharam,Infosys Pocharam,17.446225,78.6357
61270,Sanskruti Township,Sanskruti Township,17.443155,78.650101
61271,Annojiguda,Annojiguda,17.433065,78.655002
61272,Unknown,UNKNOWN,17.434123,78.299111
61273,Vatti Nagulapally,Vatti Nagulapally,17.425968,78.296288
61274,Vatti Nagulapally,Vatti Nagulapally,17.425994,78.296233
61275,Unknown,UNKNOWN,17.434137,78.299029
61276,Ntpc Annojiguda,Ntpc Annojiguda,17.435898,78.662297
61277,Rajiv Swagruha,Rajiv Swagruha,17.431,78.67
61278,Ntpc Annojiguda,Ntpc Annojiguda,17.435798,78.662007
61279,Govt Junior College-Bhel,Govt Junior College-Bhel,17.492708,78.310381
61280,Bhel Church,Bhel Church,17.499364,78.308401
61281,Bhel Keerthimahal,Bhel Keerthimahal,17.496545,78.297479
61282,Lig Colony-Bhel,Lig Colony-Bhel,17.503813,78.291584
61283,Balaji Temple-Chilkanagar,Balaji Temple-Chilkanagar,17.409747,78.571121
61284,Chennapur Ntr Statue,Chennapur Ntr Statue,17.515372,78.571144
61285,Pragathi Nagar-Nagaram,Pragathi Nagar-Nagaram,17.511336,78.577276
61286,Kapra,Kapra,17.486553,78.56647
61287,Jai Jawan Colony,Jai Jawan Colony,17.490388,78.572644
61288,Gr Reddy Nagar,Gr Reddy Nagar,17.492016,78.574995
61289,Saket,Saket,17.493278,78.576921
61290,Sai Nagar Dammaiguda,Sai Nagar Dammaiguda,17.504641,78.585649
61291,Reddy Naik Tanda-Bibinagar,Reddy Naik Tanda-Bibinagar,17.407541,78.889468
61292,Reddy Naik Tanda-Bibinagar,Reddy Naik Tanda-Bibinagar,17.407419,78.88948
61293,Narendra Nagar Colony,Narendra Nagar Colony,17.533619,78.319999
61294,Ameenpur,Ameenpur,17.524675,78.320999
61295,Bandam Kommu,Bandam Kommu,17.513147,78.31854
61296,Bandam Kommu,Bandam Kommu,17.513205,78.318481
61297,Ameenpur,Ameenpur,17.5233,78.3237
61298,Kakatiya Nagar - Sainikpuri,Kakatiya Nagar - Sainikpuri,17.474,78.541
61299,Kakatiya Nagar - Sainikpuri,Kakatiya Nagar - Sainikpuri,17.477,78.543
61300,Cheeryal X Road,Cheeryal X Road,17.507,78.628
61301,Kundanpally X Roads,Kundanpally X Roads,17.511259,78.637701
61302,Unknown,UNKNOWN,17.516771,78.648851
61303,Keesara Police Station,Keesara Police Station,17.523,78.659
61304,Keesara Village,Keesara Village,17.525035,78.667265
61305,Keesara X Roads,Keesara X Roads,17.539194,78.67257
61306,Keesaragutta,Keesaragutta,17.531266,78.68876
61307,Keesara X Roads,Keesara X Roads,17.539,78.673
61308,Keesara Village,Keesara Village,17.524483,78.667624
61309,Unknown,UNKNOWN,17.516615,78.649074
61310,Bibinagar Cheruvu Katta,Bibinagar Cheruvu Katta,17.476866,78.797629
61311,Jain Palle-Bibinagar,Jain Palle-Bibinagar,17.504655,78.79651
61312,Bibinagar Cheruvu Katta,Bibinagar Cheruvu Katta,17.476882,78.797674
61313,Thumukunta,Thumukunta,17.564576,78.551714
61314,Pothaipally,Pothaipally,17.567372,78.539405
61315,Devar Yamjal,Devar Yamjal,17.567499,78.523278
61316,Sai Geetha Asharam,Sai Geetha Asharam,17.581179,78.500941
61317,Mallanna Colony-Devarayamjal,Mallanna Colony-Devarayamjal,17.578972,78.499177
61318,Devar Yamjal,Devar Yamjal,17.567591,78.523192
61319,Pothaipally,Pothaipally,17.567422,78.539355
61320,Sri Ram Nagar-Kondapur,Sri Ram Nagar-Kondapur,17.46103,78.353376
61321,Botanical Garden,Botanical Garden,17.455882,78.363773
61322,Nallagandla,Nallagandla,17.477248,78.306544
61323,Indira Nagar-Tellapur,Indira Nagar-Tellapur,17.471801,78.293052
61324,Tellapur,Tellapur,17.470169,78.28822
61325,Unknown,UNKNOWN,17.445716,78.262289
61326,Edunagulapally,Edunagulapally,17.462555,78.238567
61327,Masjid-Banjarahills,Masjid-Banjarahills,17.426045,78.43726
61328,Cyber Colony,Cyber Colony,17.448196,78.269262
61329,Tellapur,Tellapur,17.470366,78.288121
61330,Yellamma Banda,Yellamma Banda,17.507192,78.40767
61331,Ntr Nagar Kphb,Ntr Nagar Kphb,17.50826,78.409908
61332,Sikh Basthi,Sikh Basthi,17.513188,78.412873
61333,Kardanur Patancheruvu,Kardanur Patancheruvu,17.514794,78.230413
61334,Unknown,UNKNOWN,17.445483,78.244372
61335,Unknown,UNKNOWN,17.4557,78.2419
61336,Edunagulapally,Edunagulapally,17.462724,78.238213
61337,Ghanpur Village,Ghanpur Village,17.4997,78.2202
61338,Kondakal,Kondakal,17.475992,78.217517
61339,Shankarpally Registration Office,Shankarpally Registration Office,17.45392,78.13762
61340,Bhanoor X Road,Bhanoor X Road,17.453268,78.144635
61341,Kyasaram-Patancheru,Kyasaram-Patancheru,17.505195,78.167121
61342,Beeramguda,Beeramguda,17.516999,78.299952
61343,Bhel M Enclave,Bhel M Enclave,17.539747,78.297265
61344,Kistareddypet,Kistareddypet,17.550345,78.296967
61345,Sultanpur-Patancheru,Sultanpur-Patancheru,17.555089,78.308702
61346,Kistareddypet,Kistareddypet,17.550259,78.29709
61347,Bhel M Enclave,Bhel M Enclave,17.539777,78.297447
61348,Raghavendra Colony,Raghavendra Colony,17.530539,78.298563
61349,Pudur-Medchal,Pudur-Medchal,17.620019,78.525955
61350,Gosaiguda X Road,Gosaiguda X Road,17.613881,78.524314
61351,Munirabad,Munirabad,17.596003,78.517265
61352,Arkalgudem,Arkalgudem,17.59,78.52
61353,Dmc (Devayamjal),Dmc (Devayamjal),17.571846,78.521043
61354,Veera Reddy Pally-Jinnaram,Veera Reddy Pally-Jinnaram,17.70879,78.439202
61355,Kanukunta,Kanukunta,17.696584,78.415763
61356,Antharam X Road-Jinnaram,Antharam X Road-Jinnaram,17.699111,78.393154
61357,Unknown,UNKNOWN,17.695176,78.375805
61358,Gummadidala,Gummadidala,17.683427,78.369298
61359,Kowkoor,Kowkoor,17.525707,78.533177
61360,Janapriya Arcade Kowkoor,Janapriya Arcade Kowkoor,17.526,78.537
61361,Mb Darga,Mb Darga,17.528883,78.54288
61362,Mb Darga,Mb Darga,17.528918,78.54287
61363,Kowkoor X Road,Kowkoor X Road,17.527,78.542
61364,Janapriya Arcade Kowkoor,Janapriya Arcade Kowkoor,17.525884,78.537215
61365,Resala Bazar Water Tank,Resala Bazar Water Tank,17.52708,78.522883
61366,Hbl Company-Aliabad,Hbl Company-Aliabad,17.624702,78.584331
61367,Hbl Company-Aliabad,Hbl Company-Aliabad,17.624588,78.584349
61368,Majidpur Shamirpet,Majidpur Shamirpet,17.628041,78.569431
61369,Turkapally-Shameerpet,Turkapally-Shameerpet,17.672264,78.592892
61370,Turkapally-Shameerpet,Turkapally-Shameerpet,17.672288,78.593046
61371,Dongala Mysamma Temple,Dongala Mysamma Temple,17.573017,78.566282
61372,Bitsphilani X Road,Bitsphilani X Road,17.561205,78.574106
61373,Anthai Pally,Anthai Pally,17.557119,78.576507
61374,Dharmavaram-Keesara,Dharmavaram-Keesara,17.547409,78.611354
61375,Thimmaipally,Thimmaipally,17.546419,78.615914
61376,Narsampally,Narsampally,17.555071,78.622574
61377,Anthai Pally,Anthai Pally,17.557063,78.576497
61378,Thimmaipally,Thimmaipally,17.546327,78.616552
61379,Hare Rama Temple-Konaipalle,Hare Rama Temple-Konaipalle,17.679159,78.459501
61380,Nuthankal-Medchal,Nuthankal-Medchal,17.683176,78.443456
61381,Nuthankal Govt School,Nuthankal Govt School,17.68138,78.442764
61382,Unknown,UNKNOWN,17.690472,78.428859
61383,Antharam X Road-Jinnaram,Antharam X Road-Jinnaram,17.69934,78.393281
61384,Nawabpet-Shivampet,Nawabpet-Shivampet,17.722659,78.393631
61385,Lachireddyguda,Lachireddyguda,17.731657,78.393459
61386,Gomaram-Shivampet,Gomaram-Shivampet,17.749,78.395
61387,Lachireddyguda,Lachireddyguda,17.731731,78.393575
61388,Nawabpet-Shivampet,Nawabpet-Shivampet,17.722823,78.393744
61389,Unknown,UNKNOWN,17.695115,78.375698
61390,Antharam X Road-Jinnaram,Antharam X Road-Jinnaram,17.699143,78.393372
61391,Kanukunta,Kanukunta,17.696606,78.415693
61392,Anantharam-Gummadidala,Anantharam-Gummadidala,17.688001,78.393846
61393,Gomaram-Shivampet,Gomaram-Shivampet,17.748901,78.395315
61394,Collector Office,Collector Office,17.563292,78.583242
61395,Upparpally,Upparpally,17.576649,78.587995
61396,Upparpally,Upparpally,17.576447,78.587952
61397,Govt School Bahadurpally,Govt School Bahadurpally,17.56,78.441
61398,Indiramma Colony Bahadurpalle,Indiramma Colony Bahadurpalle,17.569,78.443
61399,Pedda Gottimukkala,Pedda Gottimukkala,17.755,78.381
61400,Chennapur-Shivampet,Chennapur-Shivampet,17.75729,78.370854
61401,Chinna Gottimukkala,Chinna Gottimukkala,17.759243,78.354028
61402,Chakirimetlu,Chakirimetlu,17.751627,78.330618
61403,Narsapur Bus Station,Narsapur Bus Station,17.74026,78.281903
61404,Chinna Gottimukkala,Chinna Gottimukkala,17.759625,78.354138
61405,Chennapur-Shivampet,Chennapur-Shivampet,17.75728,78.371122
61406,Pedda Gottimukkala,Pedda Gottimukkala,17.754889,78.381148
61407,Unknown,UNKNOWN,17.690628,78.428811
61408,Nuthankal-Medchal,Nuthankal-Medchal,17.683276,78.443503
61409,Hare Rama Temple-Konaipalle,Hare Rama Temple-Konaipalle,17.679223,78.459414
61410,Bits Pilani,Bits Pilani,17.54737,78.572352
61411,Gandhi Statue Doolapally,Gandhi Statue Doolapally,17.546089,78.469173
61412,Mrit College,Mrit College,17.560226,78.451606
61413,Sai Nagar-Pragathi Nagar,Sai Nagar-Pragathi Nagar,17.52967,78.3943
61414,Sai Nagar-Pragathi Nagar,Sai Nagar-Pragathi Nagar,17.529496,78.394457
61415,Shapur Nagar X Roads,Shapur Nagar X Roads,17.511433,78.448133
61416,Ayodhya Nagar,Ayodhya Nagar,17.510425,78.457446
61417,Jairamnagar,Jairamnagar,17.507775,78.462446
61418,Godavari Homes Suchitra,Godavari Homes Suchitra,17.503324,78.469106
61419,Bank Colony X Rd Suchitra,Bank Colony X Rd Suchitra,17.501078,78.472508
61420,Ayodhya Nagar,Ayodhya Nagar,17.510036,78.457811
61421,Kandlakoya,Kandlakoya,17.595,78.486
61422,Unknown,UNKNOWN,17.600667,78.477863
61423,Goudavelle,Goudavelle,17.611785,78.468322
61424,Unknown,UNKNOWN,17.600146,78.47876
61425,Ayodhya X Road,Ayodhya X Road,17.589229,78.473416
61426,Gowdavelly X Road,Gowdavelly X Road,17.609377,78.457274
61427,Unknown,UNKNOWN,17.620448,78.451793
61428,Railapur-Medchal,Railapur-Medchal,17.631188,78.444293
61429,Govt Polytechnic College-Medchal,Govt Polytechnic College-Medchal,17.632635,78.451772
61430,Railapur-Medchal,Railapur-Medchal,17.631117,78.444307
61431,Unknown,UNKNOWN,17.640691,78.433709
61432,Banda Madharam,Banda Madharam,17.648439,78.42725
61433,Srirangavaram,Srirangavaram,17.655419,78.424865
61434,Unknown,UNKNOWN,17.666004,78.44121
61435,Aparna Komaplly,Aparna Komaplly,17.557955,78.492057
61436,Gundla Pochampally Railway Station,Gundla Pochampally Railway Station,17.568169,78.485338
61437,Gundla Pochampally,Gundla Pochampally,17.568894,78.480157
61438,Srirangavaram,Srirangavaram,17.655418,78.424981
61439,Banda Madharam,Banda Madharam,17.6485,78.427191
61440,Pudur X Road-Medchal,Pudur X Road-Medchal,17.629774,78.525244
61441,Medicity X Roads,Medicity X Roads,17.634125,78.532543
61442,Raj Bollaram,Raj Bollaram,17.636517,78.539954
61443,Raj Bollaram Temple,Raj Bollaram Temple,17.640052,78.551238
61444,Unknown,UNKNOWN,17.63422,78.561133
61445,Majidpur Shamirpet,Majidpur Shamirpet,17.627798,78.569554
61446,Shamirpet,Shamirpet,17.596765,78.567835
61447,Aliabad X Road,Aliabad X Road,17.619319,78.571381
61448,Majidpur Shamirpet,Majidpur Shamirpet,17.628044,78.569088
61449,Unknown,UNKNOWN,17.634097,78.561026
61450,Raj Bollaram Temple,Raj Bollaram Temple,17.640004,78.551297
61451,Raj Bollaram,Raj Bollaram,17.636521,78.540019
61452,Unknown,UNKNOWN,17.694822,78.479709
61453,Kucharam,Kucharam,17.728778,78.467223
61454,Unknown,UNKNOWN,17.694878,78.479854
61455,Unknown,UNKNOWN,17.620518,78.451789
61456,Suthariguda,Suthariguda,17.605479,78.479152
61457,Unknown,UNKNOWN,17.62117,78.3864
61458,Gummadidala,Gummadidala,17.673161,78.371484
61459,Gummadidala,Gummadidala,17.683299,78.369513
61460,Gummadidala,Gummadidala,17.67324,78.371819
61461,Bonthapally Kaman,Bonthapally Kaman,17.661919,78.373375
61462,Unknown,UNKNOWN,17.621201,78.386593
61463,Bonthapally Kaman,Bonthapally Kaman,17.662,78.373
61464,Bonthapally Temple,Bonthapally Temple,17.660963,78.349342
61465,Unknown,UNKNOWN,17.648884,78.345362
61466,Jinnaram-Medak,Jinnaram-Medak,17.632,78.332
61467,Unknown,UNKNOWN,17.648829,78.345194
61468,Unknown,UNKNOWN,17.561587,78.386904
61469,Shambhupur,Shambhupur,17.563,78.374
61470,Unknown,UNKNOWN,17.561934,78.387097
61471,Muppireddipalle-Tupran,Muppireddipalle-Tupran,17.734192,78.49033
61472,Kondapur-Tupran,Kondapur-Tupran,17.728405,78.509881
61473,Medchal Checkpost,Medchal Checkpost,17.616117,78.485324
61474,Suthariguda,Suthariguda,17.605593,78.479145
61475,Unknown,UNKNOWN,17.579554,78.47847
61476,Unknown,UNKNOWN,17.564555,78.476289
61477,Unknown,UNKNOWN,17.674434,78.462921
61478,Lingapur-Medchal,Lingapur-Medchal,17.669596,78.455649
61479,Barmajiguda,Barmajiguda,17.662939,78.454414
61480,Apparel Park,Apparel Park,17.56397,78.466882
61481,Unknown,UNKNOWN,17.564509,78.476222
61482,Aparna Komaplly,Aparna Komaplly,17.558078,78.491998
61483,Quthubullapur,Quthubullapur,17.507448,78.458728
61484,Ayyappa Colony,Ayyappa Colony,17.494,78.597
61485,Raj Bollaram,Raj Bollaram,17.637834,78.536078
61486,Raj Bollaram Thanda,Raj Bollaram Thanda,17.647191,78.549848
61487,Unknown,UNKNOWN,17.657736,78.563567
61488,Yadaram-Medchal,Yadaram-Medchal,17.66677,78.577657
61489,Muraharipally-Medchal,Muraharipally-Medchal,17.6638,78.587955
61490,Muraharipally-Medchal,Muraharipally-Medchal,17.663808,78.58807
61491,Yadaram-Medchal,Yadaram-Medchal,17.666662,78.577679
61492,Unknown,UNKNOWN,17.657773,78.563635
61493,Gubbadi Thanda,Gubbadi Thanda,17.660636,78.554676
61494,Raj Bollaram Thanda,Raj Bollaram Thanda,17.647202,78.549964
61495,Raj Bollaram,Raj Bollaram,17.637923,78.536174
61496,Yellampet-Medchal,Yellampet-Medchal,17.682376,78.490759
61497,Somaram-Medchal,Somaram-Medchal,17.677,78.502
61498,Lingapur Tanda-Shamirpet,Lingapur Tanda-Shamirpet,17.64127,78.6888
61499,Uddamarri,Uddamarri,17.617376,78.678117
61500,Thumkunta-Bommalaramaram,Thumkunta-Bommalaramaram,17.591135,78.697981
61501,Errakunta-Bommalaramaram,Errakunta-Bommalaramaram,17.586344,78.702697
61502,Ramlingam Palle-Bommalaramaram,Ramlingam Palle-Bommalaramaram,17.578,78.698
61503,Rangapuram-Bommalaramaram,Rangapuram-Bommalaramaram,17.563,78.71
61504,Sai Dhamam Kaman,Sai Dhamam Kaman,17.554454,78.703716
61505,Ankireddy Pally X Road,Ankireddy Pally X Road,17.547828,78.685732
61506,Unknown,UNKNOWN,17.513911,78.681357
61507,Yadgarpally X Rd,Yadgarpally X Rd,17.538086,78.631106
61508,Drdo,Drdo,17.559758,78.628922
61509,Narsampally,Narsampally,17.554917,78.622863
61510,Dharmavaram-Keesara,Dharmavaram-Keesara,17.547427,78.611485
61511,Ankireddy Pally X Road,Ankireddy Pally X Road,17.547915,78.685536
61512,Sai Dhamam Kaman,Sai Dhamam Kaman,17.554518,78.703362
61513,Errakunta-Bommalaramaram,Errakunta-Bommalaramaram,17.586978,78.702691
61514,Thumkunta-Bommalaramaram,Thumkunta-Bommalaramaram,17.591033,78.69792
61515,Uddamarri,Uddamarri,17.61755,78.6778
61516,Gnanapur,Gnanapur,17.601657,78.45258
61517,Mahindra,Mahindra,17.563376,78.500412
61518,Little England,Little England,17.561349,78.504194
61519,Basuregadi,Basuregadi,17.589917,78.450817
61520,Unknown,UNKNOWN,17.584651,78.430768
61521,Unknown,UNKNOWN,17.642569,78.520648
61522,Ravalkola-Medchal,Ravalkola-Medchal,17.660073,78.525129
61523,Kasonibavi Thanda,Kasonibavi Thanda,17.678891,78.532476
61524,Baswapur Izara,Baswapur Izara,17.699,78.542
61525,Unknown,UNKNOWN,17.642652,78.520687
61526,Nfc Nagar,Nfc Nagar,17.452401,78.706753
61527,Jalalpur-Bommalaramaram,Jalalpur-Bommalaramaram,17.596356,78.716826
61528,Yavapur Thanda-Bommalaramaram,Yavapur Thanda-Bommalaramaram,17.584507,78.728757
61529,Khajipet-Bommalaramaram,Khajipet-Bommalaramaram,17.579824,78.735999
61530,Cheekatimamidi-Bommalaramaram,Cheekatimamidi-Bommalaramaram,17.59698,78.74889
61531,Rama Swamy Thanda,Rama Swamy Thanda,17.610254,78.760614
61532,Madhapur- M Turkapalle,Madhapur- M Turkapalle,17.630165,78.774824
61533,Kokia Tanda,Kokia Tanda,17.639633,78.786478
61534,Jagya Naik Tanda,Jagya Naik Tanda,17.642943,78.796493
61535,Malka Puram-M Turkapalle,Malka Puram-M Turkapalle,17.647538,78.805393
61536,M Turkapally,M Turkapally,17.654527,78.825638
61537,Mulakala Palle-M Turkapalle,Mulakala Palle-M Turkapalle,17.640454,78.833975
61538,Sangya Tanda-M.Turkapalle,Sangya Tanda-M.Turkapalle,17.627968,78.836584
61539,Rampur Tanda-M Turkapalle,Rampur Tanda-M Turkapalle,17.608888,78.838406
61540,Palle Pahad-M Turkapalle,Palle Pahad-M Turkapalle,17.605841,78.838376
61541,Pedda Thanda-M Turkapalle,Pedda Thanda-M Turkapalle,17.596315,78.838706
61542,Rusthapur,Rusthapur,17.582452,78.840423
61543,Wadaparthy-Bhongir,Wadaparthy-Bhongir,17.554304,78.84142
61544,Hanmapur,Hanmapur,17.543926,78.852975
61545,Bhuvanagiri Railwayly Station,Bhuvanagiri Railwayly Station,17.52391,78.898412
61546,Bhuvanagiri Collectorate Office,Bhuvanagiri Collectorate Office,17.534936,78.929091
61547,Yadagirigutta Bus Station,Yadagirigutta Bus Station,17.582727,78.945096
61548,Surendrapuri,Surendrapuri,17.564998,78.942899
61549,Bhuvanagiri Railwayly Station,Bhuvanagiri Railwayly Station,17.52393,78.898873
61550,Hanmapur,Hanmapur,17.543983,78.852696
61551,Wadaparthy-Bhongir,Wadaparthy-Bhongir,17.554393,78.841238
61552,Rusthapur,Rusthapur,17.582309,78.840385
61553,Pedda Thanda-M Turkapalle,Pedda Thanda-M Turkapalle,17.596147,78.83862
61554,Palle Pahad-M Turkapalle,Palle Pahad-M Turkapalle,17.606076,78.838325
61555,Rampur Tanda-M Turkapalle,Rampur Tanda-M Turkapalle,17.608725,78.837998
61556,Sangya Tanda-M.Turkapalle,Sangya Tanda-M.Turkapalle,17.627744,78.836563
61557,Mulakala Palle-M Turkapalle,Mulakala Palle-M Turkapalle,17.640566,78.833781
61558,Malka Puram-M Turkapalle,Malka Puram-M Turkapalle,17.647294,78.805296
61559,Jagya Naik Tanda,Jagya Naik Tanda,17.6428,78.796611
61560,Kokia Tanda,Kokia Tanda,17.639482,78.78651
61561,Madhapur- M Turkapalle,Madhapur- M Turkapalle,17.630173,78.774896
61562,Cheekatimamidi-Bommalaramaram,Cheekatimamidi-Bommalaramaram,17.596831,78.7489
61563,Khajipet-Bommalaramaram,Khajipet-Bommalaramaram,17.579696,78.735924
61564,Yavapur Thanda-Bommalaramaram,Yavapur Thanda-Bommalaramaram,17.584395,78.728682
61565,Jalalpur-Bommalaramaram,Jalalpur-Bommalaramaram,17.596259,78.716901
61566,Bandamailaram-Mulugu,Bandamailaram-Mulugu,17.694098,78.506206
61567,Kothur-Mulugu (Mdk),Kothur-Mulugu (Mdk),17.716126,78.523179
61568,Kokkonda,Kokkonda,17.721816,78.544871
61569,Narsapur-Mulugu(Mdk),Narsapur-Mulugu(Mdk),17.72901,78.565072
61570,Kokkonda,Kokkonda,17.721885,78.544871
61571,Kothur-Mulugu (Mdk),Kothur-Mulugu (Mdk),17.716044,78.523163
61572,Bandamailaram-Mulugu,Bandamailaram-Mulugu,17.693929,78.506241
61573,Allapur Borabanda,Allapur Borabanda,17.456,78.409
61574,Vivekanadnagar Borabanda,Vivekanadnagar Borabanda,17.459208,78.399436
61575,Vbit Park,Vbit Park,17.433909,78.385946
61576,Parvath Nagar,Parvath Nagar,17.454081,78.397475
61577,Unknown,UNKNOWN,17.448182,78.429218
61578,Dandupally-Tupran,Dandupally-Tupran,17.758161,78.474459
61579,Konaipalle Patti Tupran,Konaipalle Patti Tupran,17.76337,78.489107
61580,Dharmarajpalle,Dharmarajpalle,17.772976,78.497851
61581,Venkatapur Agraharam,Venkatapur Agraharam,17.792,78.51
61582,Ghanpur-Tupran,Ghanpur-Tupran,17.806389,78.504524
61583,Ghanpur-Tupran,Ghanpur-Tupran,17.81844,78.503301
61584,Ghanpur-Tupran,Ghanpur-Tupran,17.818489,78.503221
61585,Ghanpur-Tupran,Ghanpur-Tupran,17.806517,78.504186
61586,Venkatapur Agraharam,Venkatapur Agraharam,17.792,78.509
61587,Dharmarajpalle,Dharmarajpalle,17.77306,78.497894
61588,Konaipalle Patti Tupran,Konaipalle Patti Tupran,17.763605,78.489352
61589,Rangaipalle-Tupran,Rangaipalle-Tupran,17.7582,78.504964
61590,Lalsahebguda,Lalsahebguda,17.538319,78.409947
61591,Unknown,UNKNOWN,17.53119,78.420023
61592,Fly Quaters,Fly Quaters,17.484,78.512
61593,Cheeriyal,Cheeriyal,17.513126,78.627777
61594,Geethanjali Engg Clg,Geethanjali Engg Clg,17.523317,78.628711
61595,Drdo,Drdo,17.55949,78.62915
61596,Yadgarpally X Rd,Yadgarpally X Rd,17.537823,78.631082
61597,Geethanjali Engg Clg,Geethanjali Engg Clg,17.523015,78.628812
61598,Cheryal,Cheryal,17.517405,78.627
61599,Cheeriyal,Cheeriyal,17.513177,78.627959
61600,Unknown,UNKNOWN,17.516,78.614
61601,Rajiv Gruha Kalpa Colony-Ahmedguda,Rajiv Gruha Kalpa Colony-Ahmedguda,17.517116,78.601454
61602,Unknown,UNKNOWN,17.517,78.614
61603,Srl Colony,Srl Colony,17.513484,78.643774
61604,Keesara Police Station,Keesara Police Station,17.522921,78.658959
61605,Srl Colony,Srl Colony,17.513195,78.643785
61606,Kundanpally X Roads,Kundanpally X Roads,17.511082,78.637846
61607,Jagadgiri Gutta,Jagadgiri Gutta,17.50132,78.429294
61608,Kundanpally,Kundanpally,17.499,78.638
61609,Godumakunta,Godumakunta,17.49,78.647098
61610,Uk College,Uk College,17.484322,78.650522
61611,Rampally Dayara,Rampally Dayara,17.500771,78.658918
61612,Keesara Daira,Keesara Daira,17.506977,78.66123
61613,Ankireddy Pally Keesara,Ankireddy Pally Keesara,17.562041,78.683989
61614,Ankireddy Pally Keesara,Ankireddy Pally Keesara,17.562032,78.684026
61615,Keesara Daira,Keesara Daira,17.506655,78.661337
61616,Rampally Dayara,Rampally Dayara,17.500572,78.658853
61617,Uk College,Uk College,17.484557,78.650361
61618,Kundanpally,Kundanpally,17.499062,78.637766
61619,Devender Nagar Colony Jeedimetla,Devender Nagar Colony Jeedimetla,17.528159,78.414826
61620,Kaisar Nagar,Kaisar Nagar,17.534399,78.404035
61621,Rangapuram-Bommalaramaram,Rangapuram-Bommalaramaram,17.564,78.71
61622,Yuva Defence Academy,Yuva Defence Academy,17.591012,78.722234
61623,Khajipet-Bommalaramaram,Khajipet-Bommalaramaram,17.579097,78.735731
61624,Rama Swamy Thanda,Rama Swamy Thanda,17.610381,78.760581
61625,Unknown,UNKNOWN,17.65214,78.817023
61626,M Turkapally,M Turkapally,17.653668,78.825493
61627,Unknown,UNKNOWN,17.668,78.818
61628,Vasalamarri,Vasalamarri,17.675079,78.813393
61629,Thirumalapur-M Turkapalle,Thirumalapur-M Turkapalle,17.690799,78.814311
61630,Veerareddypalle-M Turkapalle,Veerareddypalle-M Turkapalle,17.710927,78.816374
61631,Veerareddypalle-M Turkapalle,Veerareddypalle-M Turkapalle,17.713717,78.829061
61632,Veerareddypalle-M Turkapalle,Veerareddypalle-M Turkapalle,17.713947,78.829039
61633,Veerareddypalle-M Turkapalle,Veerareddypalle-M Turkapalle,17.710978,78.816444
61634,Thirumalapur-M Turkapalle,Thirumalapur-M Turkapalle,17.690914,78.8144
61635,Vasalamarri,Vasalamarri,17.675203,78.813305
61636,M Turkapally,M Turkapally,17.653387,78.825595
61637,Unknown,UNKNOWN,17.652,78.817
61638,Nagarjuna Colony-Kushaiguda,Nagarjuna Colony-Kushaiguda,17.48,78.582
61639,Kesavapuram-Shamirpet,Kesavapuram-Shamirpet,17.588829,78.691372
61640,Bandakadi Palle-Bommalaramaram,Bandakadi Palle-Bommalaramaram,17.607334,78.70106
61641,Usharpally-Hyderabad,Usharpally-Hyderabad,17.610699,78.692933
61642,Usharpally-Hyderabad,Usharpally-Hyderabad,17.610752,78.692821
61643,Bandakadi Palle-Bommalaramaram,Bandakadi Palle-Bommalaramaram,17.607388,78.700948
61644,J.P Rao Pule Hostel Cheekatimamidi,J.P Rao Pule Hostel Cheekatimamidi,17.58608,78.739714
61645,Venkatapur-M Turkapalle,Venkatapur-M Turkapalle,17.644017,78.866204
61646,Dattaipalle-Turkapalli,Dattaipalle-Turkapalli,17.652334,78.884663
61647,Mallapur-Yadagirigutta,Mallapur-Yadagirigutta,17.631139,78.910503
61648,Yadagirigutta Bus Station,Yadagirigutta Bus Station,17.59915,78.935177
61649,Yadagirigutta New Bus Station,Yadagirigutta New Bus Station,17.597184,78.942674
61650,Unknown,UNKNOWN,17.626,78.913
61651,Mallapur-Yadagirigutta,Mallapur-Yadagirigutta,17.631201,78.910463
61652,Velpupalle-M Turkapalle,Velpupalle-M Turkapalle,17.651716,78.889706
61653,Dattaipalle-Turkapalli,Dattaipalle-Turkapalli,17.652275,78.884832
61654,Venkatapur-M Turkapalle,Venkatapur-M Turkapalle,17.643866,78.866156
61655,Rangapuram-Bommalaramaram,Rangapuram-Bommalaramaram,17.565494,78.714284
61656,Unknown,UNKNOWN,17.56308,78.724122
61657,Bommalaramaram,Bommalaramaram,17.564471,78.734776
61658,Bommalaramaram,Bommalaramaram,17.563938,78.740037
61659,Unknown,UNKNOWN,17.568573,78.74723
61660,Malyala-Bommalaramaram,Malyala-Bommalaramaram,17.576136,78.75258
61661,Hazipur-Bommalaramaram,Hazipur-Bommalaramaram,17.56103,78.770564
61662,Malyala-Bommalaramaram,Malyala-Bommalaramaram,17.57607,78.752621
61663,Unknown,UNKNOWN,17.568552,78.747314
61664,Unknown,UNKNOWN,17.563045,78.724126
61665,Peerlapally,Peerlapally,17.73901,78.813938
61666,Unknown,UNKNOWN,17.755155,78.812313
61667,Jagdevpur Bus Station,Jagdevpur Bus Station,17.767737,78.8063
61668,Peerlapally,Peerlapally,17.738816,78.813996
61669,Unknown,UNKNOWN,17.567938,78.734593
61670,Unknown,UNKNOWN,17.572485,78.734347
61671,Rs Pally-Mturkapalle,Rs Pally-Mturkapalle,17.677728,78.80079
61672,Kondapur-M Turkapalle,Kondapur-M Turkapalle,17.68749,78.787251
61673,Unknown,UNKNOWN,17.692181,78.786172
61674,Unknown,UNKNOWN,17.693403,78.783361
61675,Kashireddypally-Markook,Kashireddypally-Markook,17.698825,78.779062
61676,Unknown,UNKNOWN,17.705177,78.778228
61677,Srinivasapuram-Aleru,Srinivasapuram-Aleru,17.71,78.785
61678,Dharmaram-Jagdevpur,Dharmaram-Jagdevpur,17.71632,78.788179
61679,Unknown,UNKNOWN,17.610054,78.412653
61680,Unknown,UNKNOWN,17.620917,78.416198
61681,Unknown,UNKNOWN,17.62255,78.426279
61682,Saregudam,Saregudam,17.586318,78.408399
61683,Afa Building,Afa Building,17.647825,78.39494
61684,Air Force Academy Shopping Mall,Air Force Academy Shopping Mall,17.652053,78.396034
61685,Unknown,UNKNOWN,17.635876,78.405089
61686,Sundara Chaitanyananda Ashramam,Sundara Chaitanyananda Ashramam,17.600759,78.406795
61687,Subhash Nagar Jeedimetla,Subhash Nagar Jeedimetla,17.513405,78.46056
61688,Auto Stand Jeedimetla,Auto Stand Jeedimetla,17.514894,78.455654
61689,Fathe Nagar,Fathe Nagar,17.458936,78.449928
61690,Sanath Nagar,Sanath Nagar,17.455179,78.450091
61691,Balkampet Temple,Balkampet Temple,17.447569,78.449398
61692,Sbi Balkampet,Sbi Balkampet,17.442622,78.448583
61693,Yashodha Hospital-Somajiguda,Yashodha Hospital-Somajiguda,17.424672,78.457472
61694,Villameeri College,Villameeri College,17.422598,78.462496
61695,Raj Bhavan,Raj Bhavan,17.420244,78.462293
61696,Bolaram Village Bus Stop,Bolaram Village Bus Stop,17.55326,78.350329
61697,Ameenpur Malakpet Bus Stop,Ameenpur Malakpet Bus Stop,17.554571,78.348487
61698,Bollaram Busstand,Bollaram Busstand,17.557232,78.348425
61699,Ameenpur Malakpet Bus Stop,Ameenpur Malakpet Bus Stop,17.554625,78.348615
61700,Santhosh Theatre,Santhosh Theatre,17.551451,78.350765
61701,Bollaram Bazar,Bollaram Bazar,17.549246,78.349027
61702,Puppalguda,Puppalguda,17.400155,78.371038
61703,Unknown,UNKNOWN,17.788252,78.81352
61704,Gollapalle-Jagdevpur,Gollapalle-Jagdevpur,17.805179,78.815894
61705,Munigadapa,Munigadapa,17.81306,78.819056
61706,Unknown,UNKNOWN,17.817248,78.830665
61707,Wattipalle-Jagadevpur,Wattipalle-Jagadevpur,17.82703,78.848201
61708,Chatlapalle,Chatlapalle,17.84607,78.855491
61709,Kondapochamma,Kondapochamma,17.865059,78.867111
61710,Guruvannapeta,Guruvannapeta,17.877593,78.85863
61711,Wattipalle-Jagadevpur,Wattipalle-Jagadevpur,17.826617,78.847745
61712,Unknown,UNKNOWN,17.788354,78.813627
61713,Unknown,UNKNOWN,17.705244,78.778356
61714,Unknown,UNKNOWN,17.693482,78.783399
61715,Kondapur-M Turkapalle,Kondapur-M Turkapalle,17.687574,78.787285
61716,Rs Pally-Mturkapalle,Rs Pally-Mturkapalle,17.678,78.801
61717,Unknown,UNKNOWN,17.57258,78.734395
61718,Unknown,UNKNOWN,17.568041,78.734652
61719,Badesha Guda,Badesha Guda,17.500807,78.703823
61720,Mudfort,Mudfort,17.4571,78.495037
61721,Mahatma Nagar-Bowenpally,Mahatma Nagar-Bowenpally,17.468996,78.483347
61722,Dubai Gate,Dubai Gate,17.471934,78.484389
61723,Hasmathpet,Hasmathpet,17.475257,78.485532
61724,Mallikarjuna Nagar Bowenpally,Mallikarjuna Nagar Bowenpally,17.476152,78.482333
61725,Old Bowenpally,Old Bowenpally,17.476636,78.478869
61726,Hasmathpet,Hasmathpet,17.475432,78.485668
61727,Dubai Gate,Dubai Gate,17.471747,78.484396
61728,Mahatma Nagar-Bowenpally,Mahatma Nagar-Bowenpally,17.469039,78.483401
61729,Nimh Bowenpally,Nimh Bowenpally,17.469019,78.490215
61730,Bowenpally Market,Bowenpally Market,17.468827,78.494879
61731,Bachupally Kaman,Bachupally Kaman,17.540816,78.39384
61732,Ramreddy Nagar,Ramreddy Nagar,17.52655,78.456255
61733,Unknown,UNKNOWN,17.524043,78.454002
61734,Chennapur Ntr Statue,Chennapur Ntr Statue,17.515446,78.57092
61735,Kardanur Patancheruvu,Kardanur Patancheruvu,17.515,78.231
61736,Unknown,UNKNOWN,17.49894,78.220253
61737,Ghanpur X Road,Ghanpur X Road,17.511397,78.221031
61738,Nandigam Patancheru,Nandigam Patancheru,17.504626,78.200531
61739,Rami Reddy College,Rami Reddy College,17.497182,78.190687
61740,Lahari Resorts Patancheru,Lahari Resorts Patancheru,17.494,78.186
61741,Bhanoor,Bhanoor,17.49,78.179
61742,Bdl Factory Shankarpally,Bdl Factory Shankarpally,17.470758,78.162736
61743,Unknown,UNKNOWN,17.485197,78.17465
61744,Bhanoor,Bhanoor,17.489848,78.178335
61745,Lahari Resorts Patancheru,Lahari Resorts Patancheru,17.494335,78.185792
61746,Rami Reddy College,Rami Reddy College,17.497466,78.190883
61747,Nandigam Patancheru,Nandigam Patancheru,17.504625,78.200407
61748,Pati X Roads,Pati X Roads,17.524237,78.247896
61749,Yellamma Temple-Patancheru,Yellamma Temple-Patancheru,17.526046,78.250779
61750,Unknown,UNKNOWN,17.480198,78.13571
61751,Tower,Tower,17.489739,78.133722
61752,Unknown,UNKNOWN,17.501948,78.135385
61753,Odf Eddimailaram,Odf Eddimailaram,17.505,78.147
61754,Unknown,UNKNOWN,17.501943,78.135511
61755,Kendriya Vidyalaya,Kendriya Vidyalaya,17.493,78.143
61756,Tower,Tower,17.489749,78.133758
61757,Jnnurm Colony-Bogaram,Jnnurm Colony-Bogaram,17.499226,78.671245
61758,Mambapur-Jinnaram,Mambapur-Jinnaram,17.689269,78.35351
61759,Raj Bhavan,Raj Bhavan,17.420274,78.46208
61760,Villameeri College,Villameeri College,17.42259,78.462269
61761,Yashodha Hospital-Somajiguda,Yashodha Hospital-Somajiguda,17.425011,78.457191
61762,Jnnurm Colony Bachupally,Jnnurm Colony Bachupally,17.550033,78.38073
61763,Suraram Village,Suraram Village,17.547997,78.427051
61764,Vishwa Karma Colony,Vishwa Karma Colony,17.55,78.423
61765,Unknown,UNKNOWN,17.445844,78.262345
61766,Indira Nagar-Tellapur,Indira Nagar-Tellapur,17.471937,78.292973
61767,Unknown,UNKNOWN,17.4554,78.2425
61768,Miralam Tank,Miralam Tank,17.340875,78.450541
61769,Venkata Sai Nagar,Venkata Sai Nagar,17.426181,78.596275
61770,Bangaru Maisamma Temple,Bangaru Maisamma Temple,17.420758,78.58543
61771,Unknown,UNKNOWN,17.419491,78.574251
61772,East Maredpally,East Maredpally,17.445483,78.508207
61773,Addagutta Petrol Bunk,Addagutta Petrol Bunk,17.444868,78.51397
61774,Rio-Point,Rio-Point,17.443,78.519
61775,Goutham Nagar Safilguda,Goutham Nagar Safilguda,17.453,78.529
61776,Safilguda,Safilguda,17.462,78.533
61777,East Maredpally,East Maredpally,17.449042,78.508963
61778,Devar Yamjal,Devar Yamjal,17.563737,78.521735
61779,Jenvi Convention,Jenvi Convention,17.56195,78.530558
61780,Namaste Telanagana,Namaste Telanagana,17.564287,78.530649
61781,Unknown,UNKNOWN,17.534437,78.519641
61782,Subguard Room,Subguard Room,17.538233,78.518928
61783,Dmc (Devayamjal),Dmc (Devayamjal),17.576901,78.523316
61784,Subguard Room,Subguard Room,17.538233,78.519003
61785,Samala Laxmi Nagar,Samala Laxmi Nagar,17.530399,78.540856
61786,Velpupalle-M Turkapalle,Velpupalle-M Turkapalle,17.652,78.89
61787,Sitaphalmandi,Sitaphalmandi,17.427704,78.517411
61788,Mallareddy Nagar,Mallareddy Nagar,17.528999,78.533041
61789,Samala Convention,Samala Convention,17.533133,78.536056
61790,Bharath Nagar-Kowkur,Bharath Nagar-Kowkur,17.535627,78.53674
61791,Rgk 1St Block Kowkoor,Rgk 1St Block Kowkoor,17.536616,78.537389
61792,Rajeev Gruha Kalpa Kowkoor,Rajeev Gruha Kalpa Kowkoor,17.537849,78.536518
61793,Rajeev Gruha Kalpa Kowkoor,Rajeev Gruha Kalpa Kowkoor,17.537181,78.537343
61794,Unknown,UNKNOWN,17.478709,78.766434
61795,Unknown,UNKNOWN,17.502851,78.7666
61796,Unknown,UNKNOWN,17.517853,78.767166
61797,Nageneni-Palli,Nageneni-Palli,17.526104,78.773641
61798,Mailaram-Bommalaramaram,Mailaram-Bommalaramaram,17.545337,78.797958
61799,Medi Palle-Bhongir,Medi Palle-Bhongir,17.536458,78.823949
61800,Unknown,UNKNOWN,17.534303,78.82154
61801,Fakeerguda,Fakeerguda,17.530989,78.816484
61802,Unknown,UNKNOWN,17.534155,78.821425
61803,Medi Palle-Bhongir,Medi Palle-Bhongir,17.536296,78.823994
61804,Unknown,UNKNOWN,17.535859,78.786221
61805,Unknown,UNKNOWN,17.517934,78.76717
61806,Unknown,UNKNOWN,17.502997,78.766737
61807,Bommarasipet X Road,Bommarasipet X Road,17.595111,78.605249
61808,Unknown,UNKNOWN,17.600131,78.607213
61809,Bommarasipet,Bommarasipet,17.599678,78.609179
61810,Unknown,UNKNOWN,17.597552,78.61128
61811,Ponnal-Shamirpet,Ponnal-Shamirpet,17.602942,78.631237
61812,Unknown,UNKNOWN,17.601359,78.636969
61813,Adraspalle,Adraspalle,17.619921,78.66017
61814,Unknown,UNKNOWN,17.619443,78.668155
61815,Unknown,UNKNOWN,17.619247,78.668118
61816,Adraspalle,Adraspalle,17.619761,78.660031
61817,Bommarasipet X Road,Bommarasipet X Road,17.595088,78.605257
61818,Bvs College X Road- Keshavaram,Bvs College X Road- Keshavaram,17.639932,78.663579
61819,Unknown,UNKNOWN,17.670909,78.719305
61820,Karkapatla,Karkapatla,17.683046,78.727786
61821,Unknown,UNKNOWN,17.694706,78.740859
61822,Damarkunta-Mulugu,Damarkunta-Mulugu,17.705954,78.751046
61823,Unknown,UNKNOWN,17.703477,78.768215
61824,Kashireddypally-Markook,Kashireddypally-Markook,17.699203,78.779359
61825,Unknown,UNKNOWN,17.703271,78.768142
61826,Damarkunta-Mulugu,Damarkunta-Mulugu,17.705827,78.751169
61827,Unknown,UNKNOWN,17.694563,78.740998
61828,Karkapatla,Karkapatla,17.683048,78.72788
61829,Unknown,UNKNOWN,17.670777,78.719476
61830,Cherlapally,Cherlapally,17.472042,78.590055
61831,Chinna Cherlapally,Chinna Cherlapally,17.470723,78.608575
61832,Shamirpet,Shamirpet,17.595309,78.569298
61833,Unknown,UNKNOWN,17.595779,78.574748
61834,Shamirpet Village,Shamirpet Village,17.593671,78.574809
61835,Babaguda X Roads,Babaguda X Roads,17.590153,78.574219
61836,Unknown,UNKNOWN,17.592495,78.58939
61837,Babaguda,Babaguda,17.594607,78.600837
61838,Unknown,UNKNOWN,17.592475,78.589701
61839,Babaguda X Roads,Babaguda X Roads,17.590437,78.57434
61840,Shamirpet Village,Shamirpet Village,17.593666,78.574648
61841,Vbr Gardens,Vbr Gardens,17.511476,78.502364
61842,Ambedkar Nagar-Old Alwal,Ambedkar Nagar-Old Alwal,17.515052,78.501493
61843,Surya Nagar X Road,Surya Nagar X Road,17.517249,78.501504
61844,Ganesh Enclave,Ganesh Enclave,17.518863,78.501512
61845,St Michael School,St Michael School,17.520213,78.501524
61846,Sainagar Colony-Bollaram,Sainagar Colony-Bollaram,17.528171,78.503596
61847,Gopal Nagar-Bollaram,Gopal Nagar-Bollaram,17.526062,78.506045
61848,Vbr Gardens,Vbr Gardens,17.511475,78.502386
61849,Unknown,UNKNOWN,17.647416,78.629923
61850,Kolthur-Shamirpet,Kolthur-Shamirpet,17.656117,78.638911
61851,Kolthur-Shamirpet,Kolthur-Shamirpet,17.65979,78.641549
61852,Potharam,Potharam,17.663,78.669
61853,Unknown,UNKNOWN,17.684096,78.668869
61854,Narayanpur Turkapally,Narayanpur Turkapally,17.685721,78.681164
61855,Select Talkies-Machabolarum,Select Talkies-Machabolarum,17.511223,78.51086
61856,Macha Bollaram,Macha Bollaram,17.516137,78.513161
61857,M.G. Nagar,M.G. Nagar,17.518227,78.510466
61858,Gopalnagar X Road,Gopalnagar X Road,17.522,78.511
61859,Sanjeeva Gardens,Sanjeeva Gardens,17.531006,78.512618
61860,New Bollaram X Road,New Bollaram X Road,17.533299,78.512566
61861,Railway Colony Road,Railway Colony Road,17.537088,78.513277
61862,Sharan Nagar,Sharan Nagar,17.542385,78.513597
61863,Sharan Nagar,Sharan Nagar,17.543,78.51
61864,Sanjeeva Gardens,Sanjeeva Gardens,17.530956,78.512656
61865,Gopalnagar X Road,Gopalnagar X Road,17.521435,78.510935
61866,Select Talkies-Machabolarum,Select Talkies-Machabolarum,17.511151,78.510889
61867,Jonnabanda,Jonnabanda,17.520258,78.504391
61868,Unknown,UNKNOWN,17.647376,78.630105
61869,Kavadiguda,Kavadiguda,17.42493,78.488731
61870,M.G. Nagar,M.G. Nagar,17.518265,78.510398
61871,Mogulla Ramakrishna Garden,Mogulla Ramakrishna Garden,17.523363,78.509156
61872,Mogulla Ramakrishna Garden,Mogulla Ramakrishna Garden,17.523383,78.509229
61873,Solipeta-Bommalaramaram,Solipeta-Bommalaramaram,17.604427,78.740773
61874,Pyararam-Bommalaramaram,Pyararam-Bommalaramaram,17.610053,78.725293
61875,Unknown,UNKNOWN,17.694686,78.685037
61876,Unknown,UNKNOWN,17.6986,78.690358
61877,Adavi Masjid,Adavi Masjid,17.70402,78.67804
61878,Banda Narsampalle,Banda Narsampalle,17.710474,78.666707
61879,Banda Narsampalle,Banda Narsampalle,17.710037,78.665521
61880,Anantharam-Shamirpet,Anantharam-Shamirpet,17.682098,78.665152
61881,Kothial,Kothial,17.689983,78.702007
61882,Unknown,UNKNOWN,17.704472,78.701189
61883,Alinagar-Mulugu,Alinagar-Mulugu,17.707646,78.702407
61884,Alinagar-Mulugu,Alinagar-Mulugu,17.719753,78.712489
61885,Panduranga Ashramam,Panduranga Ashramam,17.714137,78.723187
61886,Panduranga Ashramam,Panduranga Ashramam,17.716088,78.72335
61887,Bhavanandapuram,Bhavanandapuram,17.727254,78.721653
61888,Bhavanandapuram,Bhavanandapuram,17.727181,78.721617
61889,Bhavanandapuram X Roads,Bhavanandapuram X Roads,17.719482,78.712981
61890,Alinagar-Mulugu,Alinagar-Mulugu,17.719727,78.712487
61891,Unknown,UNKNOWN,17.704472,78.701291
61892,Kothial,Kothial,17.689977,78.701983
61893,Unknown,UNKNOWN,17.698457,78.690401
61894,Unknown,UNKNOWN,17.694502,78.685241
61895,Aliyabad Sc Colony,Aliyabad Sc Colony,17.621372,78.603283
61896,Kolthur X Rd,Kolthur X Rd,17.646251,78.578961
61897,Icici Turkapally,Icici Turkapally,17.665259,78.607175
61898,Unknown,UNKNOWN,17.664147,78.623357
61899,Unknown,UNKNOWN,17.664099,78.623323
61900,Icici Turkapally,Icici Turkapally,17.665231,78.607171
61901,Kolthur X Rd,Kolthur X Rd,17.646076,78.579174
61902,Alwal Satya,Alwal Satya,17.499287,78.51332
61903,Bhatia Bakery,Bhatia Bakery,17.499821,78.509959
61904,Vaishnavi Mata Temple Alwal,Vaishnavi Mata Temple Alwal,17.498863,78.507701
61905,Venkatapur X Roads,Venkatapur X Roads,17.496433,78.50697
61906,Mes Colony,Mes Colony,17.497257,78.505058
61907,West Venkatapuram,West Venkatapuram,17.499213,78.499472
61908,Lakshmi Kala Mandir,Lakshmi Kala Mandir,17.495517,78.51068
61909,Venkatapur X Roads,Venkatapur X Roads,17.496441,78.507005
61910,West Venkatapuram,West Venkatapuram,17.499808,78.500083
61911,Punjagutta,Punjagutta,17.427031,78.452768
61912,Macha Bollaram,Macha Bollaram,17.515961,78.513169
61913,Chandranagar-Old Alwal,Chandranagar-Old Alwal,17.515384,78.509163
61914,Surya Nagar,Surya Nagar,17.514776,78.506978
61915,Surya Nagar,Surya Nagar,17.514863,78.507
61916,Somaiah Nagar- Jagadgirigutta,Somaiah Nagar- Jagadgirigutta,17.503732,78.429951
61917,Magdum Nagar Jagathgirigutta,Magdum Nagar Jagathgirigutta,17.506002,78.428024
61918,Magdum Nagar Jagathgirigutta,Magdum Nagar Jagathgirigutta,17.508327,78.429073
61919,Ntr Nagar Kphb,Ntr Nagar Kphb,17.50974,78.427352
61920,Sriniwasa Colony Hyd Bus Stop,Sriniwasa Colony Hyd Bus Stop,17.511278,78.424243
61921,Ntr Nagar Kphb,Ntr Nagar Kphb,17.509762,78.42733
61922,Magdum Nagar Jagathgirigutta,Magdum Nagar Jagathgirigutta,17.508335,78.429182
61923,Magdum Nagar Jagathgirigutta,Magdum Nagar Jagathgirigutta,17.50599,78.428189
61924,Somaiah Nagar- Jagadgirigutta,Somaiah Nagar- Jagadgirigutta,17.503547,78.429988
61925,Alinagar Juloor,Alinagar Juloor,17.383604,78.780218
61926,Julur Temple,Julur Temple,17.389004,78.784083
61927,Julur,Julur,17.382423,78.786317
61928,Alinagar Juloor,Alinagar Juloor,17.383549,78.780277
61929,Unknown,UNKNOWN,17.41145,78.737796
61930,Madaram-Ekiraya,Madaram-Ekiraya,17.412074,78.751059
61931,Venkiryal-Bibinagar,Venkiryal-Bibinagar,17.411918,78.760938
61932,Unknown,UNKNOWN,17.41988,78.76112
61933,Unknown,UNKNOWN,17.428655,78.761142
61934,Padamati Somaram,Padamati Somaram,17.434423,78.764191
61935,Kunta-Bibinagar,Kunta-Bibinagar,17.45023,78.779968
61936,Padamati Somaram,Padamati Somaram,17.436631,78.764973
61937,Unknown,UNKNOWN,17.428522,78.76119
61938,Unknown,UNKNOWN,17.419747,78.761086
61939,Madaram-Ekiraya,Madaram-Ekiraya,17.412098,78.751153
61940,Unknown,UNKNOWN,17.411353,78.737809
61941,Priceton College Of Engg,Priceton College Of Engg,17.444714,78.718322
61942,Ankushapur-Ghatkesar,Ankushapur-Ghatkesar,17.447556,78.727601
61943,Ankushapur Gate,Ankushapur Gate,17.452566,78.727408
61944,Aushapur Gatkesar,Aushapur Gatkesar,17.459725,78.736262
61945,Ankushapur Gate,Ankushapur Gate,17.452638,78.72733
61946,Ambedkar Nagar Boduppal,Ambedkar Nagar Boduppal,17.428121,78.576798
61947,Tourist Hotel,Tourist Hotel,17.389614,78.496209
61948,Unknown,UNKNOWN,17.470665,78.725546
61949,Jiyapally,Jiyapally,17.480862,78.726972
61950,Jameelapet,Jameelapet,17.494141,78.725283
61951,Devs College,Devs College,17.576435,78.674402
61952,Tps Colony,Tps Colony,17.481439,78.6249
61953,Rayarao Pet,Rayarao Pet,17.48908,78.72324
61954,Jameelapet,Jameelapet,17.494028,78.725321
61955,Unknown,UNKNOWN,17.501559,78.728223
61956,Jiyapally,Jiyapally,17.506005,78.734615
61957,Unknown,UNKNOWN,17.5016,78.728282
61958,Jiyapally,Jiyapally,17.481074,78.727007
61959,Unknown,UNKNOWN,17.470815,78.725624
61960,Vbit Park,Vbit Park,17.433423,78.385123
61961,Indresam X Road,Indresam X Road,17.543826,78.26135
61962,Ellenki College,Ellenki College,17.549058,78.283542
61963,Wadakpalle,Wadakpalle,17.5607,78.3001
61964,Bommanakunta,Bommanakunta,17.566074,78.302546
61965,Madharam-Jinnaram,Madharam-Jinnaram,17.585694,78.308887
61966,Kodakanchi X Road-Jinnaram,Kodakanchi X Road-Jinnaram,17.618222,78.320723
61967,Jinnaram-Medak,Jinnaram-Medak,17.632788,78.330232
61968,Bonthapalle-Jinnaram,Bonthapalle-Jinnaram,17.666024,78.372731
61969,Jinnaram-Medak,Jinnaram-Medak,17.632862,78.330041
61970,Kodakanchi X Road-Jinnaram,Kodakanchi X Road-Jinnaram,17.618099,78.320742
61971,Madharam-Jinnaram,Madharam-Jinnaram,17.585771,78.309045
61972,Bommanakunta,Bommanakunta,17.566097,78.302709
61973,Wadakpalle,Wadakpalle,17.560881,78.300269
61974,Indresam X Road,Indresam X Road,17.543736,78.261366
61975,Unknown,UNKNOWN,17.414985,78.723725
61976,Unknown,UNKNOWN,17.414851,78.723886
61977,Suraj Nagar,Suraj Nagar,17.432679,78.597926
61978,Bolliguda,Bolliguda,17.433858,78.592403
61979,Kondamadugu,Kondamadugu,17.488825,78.767925
61980,Mahadevpur-Bibinagar,Mahadevpur-Bibinagar,17.488679,78.754321
61981,Pocharam,Pocharam,17.423509,78.641602
61982,Sbi Colony-Saidabad,Sbi Colony-Saidabad,17.361258,78.513002
61983,Is Sadan,Is Sadan,17.351437,78.508392
61984,Saraswati Colony-Nagole,Saraswati Colony-Nagole,17.395036,78.559257
61985,Saraswati Colony-Nagole,Saraswati Colony-Nagole,17.394924,78.559091
61986,Sri Ram Nagar-Jeedimetla,Sri Ram Nagar-Jeedimetla,17.512932,78.431997
61987,Turkapally-Bollaram,Turkapally-Bollaram,17.547717,78.513456
61988,Jyothishmathi College,Jyothishmathi College,17.687204,78.59782
61989,Vantimamidi-Mulugu,Vantimamidi-Mulugu,17.704219,78.610119
61990,Unknown,UNKNOWN,17.708131,78.612944
61991,Lakshmakkapally-Mulugu(Mdk),Lakshmakkapally-Mulugu(Mdk),17.710436,78.615994
61992,Forest Research Center-Mulugu(Mdk),Forest Research Center-Mulugu(Mdk),17.718387,78.62444
61993,Mulugu-Medak,Mulugu-Medak,17.735297,78.636984
61994,Wargal X Roads,Wargal X Roads,17.759234,78.655417
61995,Unknown,UNKNOWN,17.769776,78.636832
61996,Wargal,Wargal,17.774966,78.618786
61997,Wargal,Wargal,17.773581,78.617418
61998,Wargal Temple,Wargal Temple,17.76974,78.621554
61999,Unknown,UNKNOWN,17.770144,78.637261
62000,Wargal X Roads,Wargal X Roads,17.759239,78.655551
62001,Bc Welfare School-Wargal,Bc Welfare School-Wargal,17.752981,78.654422
62002,Mulugu-Medak,Mulugu-Medak,17.737092,78.638337
62003,Forest Research Center-Mulugu(Mdk),Forest Research Center-Mulugu(Mdk),17.71827,78.624675
62004,Vantimamidi-Mulugu,Vantimamidi-Mulugu,17.70425,78.610335
62005,Jyothishmathi College,Jyothishmathi College,17.687206,78.59798
62006,Ivy League Academy,Ivy League Academy,17.577732,78.602988
62007,Babaguda X Roads,Babaguda X Roads,17.578478,78.588984
62008,Airport Checkpost,Airport Checkpost,17.244328,78.388477
62009,Airport Checkpost,Airport Checkpost,17.244548,78.38843
62010,Unknown,UNKNOWN,17.535106,78.646905
62011,Unknown,UNKNOWN,17.551552,78.595666
62012,Unknown,UNKNOWN,17.551777,78.595848
62013,Unknown,UNKNOWN,17.535215,78.646845
62014,Bk Enclave,Bk Enclave,17.513762,78.360995
62015,Erragadda,Erragadda,17.451542,78.434765
62016,Kendriya Vidyalaya Bollaram,Kendriya Vidyalaya Bollaram,17.507258,78.530843
62017,Bibi Bazar,Bibi Bazar,17.36222,78.480052
62018,Charminar,Charminar,17.359619,78.474329
62019,Venkatadri Township,Venkatadri Township,17.413462,78.640823
62020,Pratap Singaram X Road,Pratap Singaram X Road,17.409902,78.649283
62021,Korremula,Korremula,17.404102,78.666428
62022,Pratap Singaram X Road,Pratap Singaram X Road,17.409874,78.649237
62023,Myscape Wave,Myscape Wave,17.41315,78.33531
62024,Eficens Company,Eficens Company,17.42412,78.33377
62025,Shopping Complex,Shopping Complex,17.489047,78.540423
62026,Nirmal Nagar,Nirmal Nagar,17.490454,78.536202
62027,Ammuguda,Ammuguda,17.497095,78.531947
62028,Shopping Complex,Shopping Complex,17.489059,78.540503
62029,Sangeeth,Sangeeth,17.442448,78.505165
62030,Ymca Secunderabad,Ymca Secunderabad,17.443495,78.498669
62031,Shakti Sai Nagar,Shakti Sai Nagar,17.441748,78.581568
62032,Unknown,UNKNOWN,17.663723,78.595827
62033,Prajay Water Front,Prajay Water Front,17.657768,78.599047
62034,Unknown,UNKNOWN,17.663733,78.595703
62035,Citizen Colony,Citizen Colony,17.51296,78.494848
62036,Panchasheela Enclave,Panchasheela Enclave,17.51436,78.487951
62037,Panchasheela Enclave,Panchasheela Enclave,17.514479,78.487959
62038,Citizen Colony,Citizen Colony,17.51307,78.494857
62039,Unknown,UNKNOWN,17.442814,78.672562
62040,Gudur Bhuvanagiri,Gudur Bhuvanagiri,17.489,78.828
62041,Thajpur,Thajpur,17.503795,78.858308
62042,Swarnagiri Temple,Swarnagiri Temple,17.494811,78.851795
62043,Bibi Nagar,Bibi Nagar,17.476376,78.796992
62044,Unknown,UNKNOWN,17.442561,78.672119
62045,Bharathiya Vidya Bhavan,Bharathiya Vidya Bhavan,17.49609,78.3084
62046,Unknown,UNKNOWN,17.602986,78.685444
62047,Lingapur Tanda-Shamirpet,Lingapur Tanda-Shamirpet,17.641292,78.688706
62048,Unknown,UNKNOWN,17.721049,78.758299
62049,Vardarajpur,Vardarajpur,17.73563,78.765753
62050,Erravalle,Erravalle,17.759686,78.756534
62051,Unknown,UNKNOWN,17.761786,78.764761
62052,Itikyal-Jagadevpur,Itikyal-Jagadevpur,17.76581,78.77578
62053,Lingreddypally-Jagadevpur,Lingreddypally-Jagadevpur,17.766198,78.794566
62054,Itikyal-Jagadevpur,Itikyal-Jagadevpur,17.765745,78.775753
62055,Unknown,UNKNOWN,17.761607,78.764803
62056,Vardarajpur,Vardarajpur,17.735607,78.765809
62057,Unknown,UNKNOWN,17.720932,78.758368
62058,Unknown,UNKNOWN,17.603031,78.685581
62059,Unknown,UNKNOWN,17.778153,78.790405
62060,Alirajapet,Alirajapet,17.787066,78.779785
62061,Unknown,UNKNOWN,17.794884,78.765726
62062,Ganesh Pally-Jagdevpur,Ganesh Pally-Jagdevpur,17.804428,78.749292
62063,Unknown,UNKNOWN,17.812457,78.758304
62064,Teegul,Teegul,17.819005,78.769044
62065,Unknown,UNKNOWN,17.812355,78.758288
62066,Ganesh Pally-Jagdevpur,Ganesh Pally-Jagdevpur,17.804571,78.749356
62067,Unknown,UNKNOWN,17.795012,78.765871
62068,Alirajapet,Alirajapet,17.787105,78.779737
62069,Unknown,UNKNOWN,17.778296,78.790491
62070,Rayagiri,Rayagiri,17.539465,78.94111
62071,Kunoor-Bhongir,Kunoor-Bhongir,17.528488,78.970276
62072,Unknown,UNKNOWN,17.514679,78.98394
62073,Chandupatla-Bhuvanagiri,Chandupatla-Bhuvanagiri,17.504498,78.981418
62074,Unknown,UNKNOWN,17.490818,78.985154
62075,Veeravally,Veeravally,17.4862,79.008383
62076,Puligilla,Puligilla,17.460711,79.029811
62077,Banda Somaram,Banda Somaram,17.491027,78.985153
62078,Fab City,Fab City,17.197067,78.475645
62079,Bollaram Ida,Bollaram Ida,17.535821,78.354057
62080,Bollaram Ida,Bollaram Ida,17.535954,78.354162
62081,Haridaspalle,Haridaspalle,17.526817,78.602522
62082,Rg Kalpa X Rd,Rg Kalpa X Rd,17.525242,78.606566
62083,Rajiv Gruha Colony,Rajiv Gruha Colony,17.517,78.601
